experiment_id,topology,fault_type,window_type,threshold,window_size,wait_duration,permitted_calls_half_open,environment,mode,replicate,run_timestamp,blast_radius,time_to_open,time_to_recover,error_rate,throughput_loss,real_blast_radius,leg_failure_rates,precondition_ok,precondition_fail_reason,readiness_wait_s,cb_state_pre,buffered_calls_pre,warmup_requests,warmup_duration_s,run_order_seed,run_index,load_concurrency,lambda_target,lambda_achieved,lambda_cv,lambda_deviation_flag,effective_horizon,machine_id,half_open_probe_timed_out,half_open_probe_deadline_s,excluded_reason
LIN-LAT-CNT-T50-W10-D5,LINEAR,LATENCY,COUNT_BASED,50,10,5,5,LOCAL,full,2,2026-09-16T05:19:46Z,0.25,3.529,6.088,0.15,0.7313,0.0,order-service:0.1500;inventory-service:0.0000;payment-service:0.0000;notification-service:0.0000,True,,21.148,gateway:orderServiceCB=CLOSED;gateway:inventoryServiceCB=CLOSED;gateway:paymentServiceCB=CLOSED;order:inventoryServiceCB=CLOSED;order:sharedDbCB=CLOSED;inventory:paymentServiceCB=CLOSED;inventory:sharedDbCB=CLOSED;payment:notificationServiceCB=CLOSED;payment:sharedDbCB=CLOSED;notification:sharedDbCB=CLOSED,gateway:orderServiceCB=0;gateway:inventoryServiceCB=0;gateway:paymentServiceCB=0;order:inventoryServiceCB=0;order:sharedDbCB=0;inventory:paymentServiceCB=0;inventory:sharedDbCB=0;payment:notificationServiceCB=0;payment:sharedDbCB=0;notification:sharedDbCB=0,200.0,20.725,2080763661,1,45.0,10.0,9.6365,0.0165,False,10.0,jay-mac,False,75.0,
LIN-LAT-CNT-T50-W20-D30,LINEAR,LATENCY,COUNT_BASED,50,20,30,5,LOCAL,full,1,2026-09-16T05:21:58Z,0.25,4.18,31.705,0.3667,0.7168,0.0,order-service:0.3667;inventory-service:0.0000;payment-service:0.0000;notification-service:0.0000,True,,21.259,gateway:orderServiceCB=CLOSED;gateway:inventoryServiceCB=CLOSED;gateway:paymentServiceCB=CLOSED;order:inventoryServiceCB=CLOSED;order:sharedDbCB=CLOSED;inventory:paymentServiceCB=CLOSED;inventory:sharedDbCB=CLOSED;payment:notificationServiceCB=CLOSED;payment:sharedDbCB=CLOSED;notification:sharedDbCB=CLOSED,gateway:orderServiceCB=0;gateway:inventoryServiceCB=0;gateway:paymentServiceCB=0;order:inventoryServiceCB=0;order:sharedDbCB=0;inventory:paymentServiceCB=0;inventory:sharedDbCB=0;payment:notificationServiceCB=0;payment:sharedDbCB=0;notification:sharedDbCB=0,200.0,20.729,2080763661,2,45.0,10.0,9.6299,0.0156,False,20.0,jay-mac,False,150.0,
LIN-LAT-CNT-T50-W5-D30,LINEAR,LATENCY,COUNT_BASED,50,5,30,5,LOCAL,full,2,2026-09-16T05:23:53Z,0.25,3.304,31.964,0.2,0.7416,0.0,order-service:0.2000;inventory-service:0.0000;payment-service:0.0000;notification-service:0.0000,True,,19.862,gateway:orderServiceCB=CLOSED;gateway:inventoryServiceCB=CLOSED;gateway:paymentServiceCB=CLOSED;order:inventoryServiceCB=CLOSED;order:sharedDbCB=CLOSED;inventory:paymentServiceCB=CLOSED;inventory:sharedDbCB=CLOSED;payment:notificationServiceCB=CLOSED;payment:sharedDbCB=CLOSED;notification:sharedDbCB=CLOSED,gateway:orderServiceCB=0;gateway:inventoryServiceCB=0;gateway:paymentServiceCB=0;order:inventoryServiceCB=0;order:sharedDbCB=0;inventory:paymentServiceCB=0;inventory:sharedDbCB=0;payment:notificationServiceCB=0;payment:sharedDbCB=0;notification:sharedDbCB=0,200.0,20.753,2080763661,3,45.0,10.0,9.6471,0.0155,False,5.0,jay-mac,False,150.0,
LIN-LAT-CNT-T50-W20-D15,LINEAR,LATENCY,COUNT_BASED,50,20,15,5,LOCAL,full,1,2026-09-16T05:25:26Z,0.25,4.004,16.69,0.35,0.7133,0.0,order-service:0.3500;inventory-service:0.0000;payment-service:0.0000;notification-service:0.0000,True,,20.616,gateway:orderServiceCB=CLOSED;gateway:inventoryServiceCB=CLOSED;gateway:paymentServiceCB=CLOSED;order:inventoryServiceCB=CLOSED;order:sharedDbCB=CLOSED;inventory:paymentServiceCB=CLOSED;inventory:sharedDbCB=CLOSED;payment:notificationServiceCB=CLOSED;payment:sharedDbCB=CLOSED;notification:sharedDbCB=CLOSED,gateway:orderServiceCB=0;gateway:inventoryServiceCB=0;gateway:paymentServiceCB=0;order:inventoryServiceCB=0;order:sharedDbCB=0;inventory:paymentServiceCB=0;inventory:sharedDbCB=0;payment:notificationServiceCB=0;payment:sharedDbCB=0;notification:sharedDbCB=0,200.0,20.732,2080763661,4,45.0,10.0,9.6443,0.0149,False,20.0,jay-mac,False,105.0,
LIN-LAT-CNT-T50-W10-D30,LINEAR,LATENCY,COUNT_BASED,50,10,30,5,LOCAL,full,2,2026-09-16T05:27:34Z,0.25,3.6,30.915,0.15,0.7303,0.0,order-service:0.1500;inventory-service:0.0000;payment-service:0.0000;notification-service:0.0000,True,,27.38,gateway:orderServiceCB=CLOSED;gateway:inventoryServiceCB=CLOSED;gateway:paymentServiceCB=CLOSED;order:inventoryServiceCB=CLOSED;order:sharedDbCB=CLOSED;inventory:paymentServiceCB=CLOSED;inventory:sharedDbCB=CLOSED;payment:notificationServiceCB=CLOSED;payment:sharedDbCB=CLOSED;notification:sharedDbCB=CLOSED,gateway:orderServiceCB=0;gateway:inventoryServiceCB=0;gateway:paymentServiceCB=0;order:inventoryServiceCB=0;order:sharedDbCB=0;inventory:paymentServiceCB=0;inventory:sharedDbCB=0;payment:notificationServiceCB=0;payment:sharedDbCB=0;notification:sharedDbCB=0,200.0,20.769,2080763661,5,45.0,10.0,9.6477,0.0245,False,10.0,jay-mac,False,150.0,
LIN-LAT-TIM-T50-W10-D30,LINEAR,LATENCY,TIME_BASED,50,10,30,5,LOCAL,full,1,2026-09-16T05:30:00Z,0.25,6.609,65.049,0.864,0.9331,0.25,order-service:0.8640;inventory-service:0.0000;payment-service:0.0000;notification-service:0.0000,True,,21.713,gateway:orderServiceCB=CLOSED;gateway:inventoryServiceCB=CLOSED;gateway:paymentServiceCB=CLOSED;order:inventoryServiceCB=CLOSED;order:sharedDbCB=CLOSED;inventory:paymentServiceCB=CLOSED;inventory:sharedDbCB=CLOSED;payment:notificationServiceCB=CLOSED;payment:sharedDbCB=CLOSED;notification:sharedDbCB=CLOSED,gateway:orderServiceCB=0;gateway:inventoryServiceCB=0;gateway:paymentServiceCB=0;order:inventoryServiceCB=0;order:sharedDbCB=0;inventory:paymentServiceCB=0;inventory:sharedDbCB=0;payment:notificationServiceCB=0;payment:sharedDbCB=0;notification:sharedDbCB=0,200.0,20.754,2080763661,6,45.0,10.0,9.6344,0.0168,False,96.3443,jay-mac,False,150.0,
LIN-LAT-CNT-T50-W5-D5,LINEAR,LATENCY,COUNT_BASED,50,5,5,5,LOCAL,full,2,2026-09-16T05:31:20Z,0.25,3.283,6.161,0.2,0.7412,0.0,order-service:0.2000;inventory-service:0.0000;payment-service:0.0000;notification-service:0.0000,True,,18.937,gateway:orderServiceCB=CLOSED;gateway:inventoryServiceCB=CLOSED;gateway:paymentServiceCB=CLOSED;order:inventoryServiceCB=CLOSED;order:sharedDbCB=CLOSED;inventory:paymentServiceCB=CLOSED;inventory:sharedDbCB=CLOSED;payment:notificationServiceCB=CLOSED;payment:sharedDbCB=CLOSED;notification:sharedDbCB=CLOSED,gateway:orderServiceCB=0;gateway:inventoryServiceCB=0;gateway:paymentServiceCB=0;order:inventoryServiceCB=0;order:sharedDbCB=0;inventory:paymentServiceCB=0;inventory:sharedDbCB=0;payment:notificationServiceCB=0;payment:sharedDbCB=0;notification:sharedDbCB=0,200.0,20.736,2080763661,7,45.0,10.0,9.633,0.0164,False,5.0,jay-mac,False,75.0,
LIN-LAT-CNT-T50-W20-D15,LINEAR,LATENCY,COUNT_BASED,50,20,15,5,LOCAL,full,2,2026-09-16T05:32:52Z,0.25,4.175,16.39,0.35,0.7202,0.0,order-service:0.3500;inventory-service:0.0000;payment-service:0.0000;notification-service:0.0000,True,,18.643,gateway:orderServiceCB=CLOSED;gateway:inventoryServiceCB=CLOSED;gateway:paymentServiceCB=CLOSED;order:inventoryServiceCB=CLOSED;order:sharedDbCB=CLOSED;inventory:paymentServiceCB=CLOSED;inventory:sharedDbCB=CLOSED;payment:notificationServiceCB=CLOSED;payment:sharedDbCB=CLOSED;notification:sharedDbCB=CLOSED,gateway:orderServiceCB=0;gateway:inventoryServiceCB=0;gateway:paymentServiceCB=0;order:inventoryServiceCB=0;order:sharedDbCB=0;inventory:paymentServiceCB=0;inventory:sharedDbCB=0;payment:notificationServiceCB=0;payment:sharedDbCB=0;notification:sharedDbCB=0,200.0,20.747,2080763661,8,45.0,10.0,9.6235,0.0176,False,20.0,jay-mac,False,105.0,
LIN-LAT-TIM-T50-W10-D15,LINEAR,LATENCY,TIME_BASED,50,10,15,5,LOCAL,full,1,2026-09-16T05:36:36Z,0.25,6.617,83.066,0.7943,0.9485,0.25,order-service:0.7943;inventory-service:0.0000;payment-service:0.0000;notification-service:0.0000,True,,67.842,gateway:orderServiceCB=CLOSED;gateway:inventoryServiceCB=CLOSED;gateway:paymentServiceCB=CLOSED;order:inventoryServiceCB=CLOSED;order:sharedDbCB=CLOSED;inventory:paymentServiceCB=CLOSED;inventory:sharedDbCB=CLOSED;payment:notificationServiceCB=CLOSED;payment:sharedDbCB=CLOSED;notification:sharedDbCB=CLOSED,gateway:orderServiceCB=0;gateway:inventoryServiceCB=0;gateway:paymentServiceCB=0;order:inventoryServiceCB=0;order:sharedDbCB=0;inventory:paymentServiceCB=0;inventory:sharedDbCB=0;payment:notificationServiceCB=0;payment:sharedDbCB=0;notification:sharedDbCB=0,200.0,34.629,2080763661,9,45.0,10.0,4.7948,9.171,True,47.9481,jay-mac,False,105.0,LAMBDA_DEVIATION
LIN-LAT-CNT-T50-W10-D15,LINEAR,LATENCY,COUNT_BASED,50,10,15,5,LOCAL,full,1,2026-09-16T05:53:26Z,0.25,3.57,16.415,0.175,0.7301,0.0,order-service:0.1750;inventory-service:0.0000;payment-service:0.0000;notification-service:0.0000,True,,29.101,gateway:orderServiceCB=CLOSED;gateway:inventoryServiceCB=CLOSED;gateway:paymentServiceCB=CLOSED;order:inventoryServiceCB=CLOSED;order:sharedDbCB=CLOSED;inventory:paymentServiceCB=CLOSED;inventory:sharedDbCB=CLOSED;payment:notificationServiceCB=CLOSED;payment:sharedDbCB=CLOSED;notification:sharedDbCB=CLOSED,gateway:orderServiceCB=0;gateway:inventoryServiceCB=0;gateway:paymentServiceCB=0;order:inventoryServiceCB=0;order:sharedDbCB=0;inventory:paymentServiceCB=0;inventory:sharedDbCB=0;payment:notificationServiceCB=0;payment:sharedDbCB=0;notification:sharedDbCB=0,200.0,903.555,2080763661,10,45.0,10.0,9.5317,0.0362,False,10.0,jay-mac,False,105.0,
LIN-LAT-TIM-T50-W20-D5,LINEAR,LATENCY,TIME_BASED,50,20,5,5,LOCAL,full,1,2026-09-16T05:55:46Z,0.25,11.88,32.861,0.6371,0.8358,0.25,order-service:0.6371;inventory-service:0.0000;payment-service:0.0000;notification-service:0.0000,True,,28.07,gateway:orderServiceCB=CLOSED;gateway:inventoryServiceCB=CLOSED;gateway:paymentServiceCB=CLOSED;order:inventoryServiceCB=CLOSED;order:sharedDbCB=CLOSED;inventory:paymentServiceCB=CLOSED;inventory:sharedDbCB=CLOSED;payment:notificationServiceCB=CLOSED;payment:sharedDbCB=CLOSED;notification:sharedDbCB=CLOSED,gateway:orderServiceCB=0;gateway:inventoryServiceCB=0;gateway:paymentServiceCB=0;order:inventoryServiceCB=0;order:sharedDbCB=0;inventory:paymentServiceCB=0;inventory:sharedDbCB=0;payment:notificationServiceCB=0;payment:sharedDbCB=0;notification:sharedDbCB=0,200.0,21.443,2080763661,11,45.0,10.0,8.6437,1.5503,False,172.8746,jay-mac,False,75.0,
LIN-LAT-CNT-T50-W10-D15,LINEAR,LATENCY,COUNT_BASED,50,10,15,5,LOCAL,full,2,2026-09-16T06:47:56Z,,,,,,,,False,READINESS_TIMEOUT,3072.156,,,,,2080763661,12,,,,,,,jay-mac,,,
LIN-LAT-CNT-T50-W5-D15,LINEAR,LATENCY,COUNT_BASED,50,5,15,5,LOCAL,full,2,2026-09-16T07:34:30Z,,,,,,,,False,READINESS_TIMEOUT,2766.714,,,,,2080763661,13,,,,,,,jay-mac,,,
LIN-LAT-CNT-T50-W20-D5,LINEAR,LATENCY,COUNT_BASED,50,20,5,5,LOCAL,full,1,2026-09-16T07:52:49Z,,,,,,,,False,READINESS_TIMEOUT,1072.425,,,,,2080763661,14,,,,,,,jay-mac,,,
LIN-LAT-CNT-T50-W5-D5,LINEAR,LATENCY,COUNT_BASED,50,5,5,5,LOCAL,full,1,2026-09-16T08:30:56Z,0.25,3.378,6.13,0.2,0.7381,0.0,order-service:0.2000;inventory-service:0.0000;payment-service:0.0000;notification-service:0.0000,True,,28.237,gateway:orderServiceCB=CLOSED;gateway:inventoryServiceCB=CLOSED;gateway:paymentServiceCB=CLOSED;order:inventoryServiceCB=CLOSED;order:sharedDbCB=CLOSED;inventory:paymentServiceCB=CLOSED;inventory:sharedDbCB=CLOSED;payment:notificationServiceCB=CLOSED;payment:sharedDbCB=CLOSED;notification:sharedDbCB=CLOSED,gateway:orderServiceCB=0;gateway:inventoryServiceCB=0;gateway:paymentServiceCB=0;order:inventoryServiceCB=0;order:sharedDbCB=0;inventory:paymentServiceCB=0;inventory:sharedDbCB=0;payment:notificationServiceCB=0;payment:sharedDbCB=0;notification:sharedDbCB=0,200.0,20.708,2080763661,15,45.0,10.0,9.6921,0.0181,False,5.0,jay-mac,False,75.0,
LIN-LAT-TIM-T50-W5-D30,LINEAR,LATENCY,TIME_BASED,50,5,30,5,LOCAL,full,2,2026-09-16T08:33:27Z,0.25,3.536,64.992,0.9133,0.957,0.25,order-service:0.9133;inventory-service:0.0000;payment-service:0.0000;notification-service:0.0000,True,,30.419,gateway:orderServiceCB=CLOSED;gateway:inventoryServiceCB=CLOSED;gateway:paymentServiceCB=CLOSED;order:inventoryServiceCB=CLOSED;order:sharedDbCB=CLOSED;inventory:paymentServiceCB=CLOSED;inventory:sharedDbCB=CLOSED;payment:notificationServiceCB=CLOSED;payment:sharedDbCB=CLOSED;notification:sharedDbCB=CLOSED,gateway:orderServiceCB=0;gateway:inventoryServiceCB=0;gateway:paymentServiceCB=0;order:inventoryServiceCB=0;order:sharedDbCB=0;inventory:paymentServiceCB=0;inventory:sharedDbCB=0;payment:notificationServiceCB=0;payment:sharedDbCB=0;notification:sharedDbCB=0,200.0,20.752,2080763661,16,45.0,10.0,9.6436,0.033,False,48.2182,jay-mac,False,150.0,
LIN-LAT-TIM-T50-W20-D5,LINEAR,LATENCY,TIME_BASED,50,20,5,5,LOCAL,full,2,2026-09-16T09:18:45Z,0.25,11.864,704.564,0.6371,0.9908,0.25,order-service:0.6371;inventory-service:0.0000;payment-service:0.0000;notification-service:0.0000,True,,30.322,gateway:orderServiceCB=CLOSED;gateway:inventoryServiceCB=CLOSED;gateway:paymentServiceCB=CLOSED;order:inventoryServiceCB=CLOSED;order:sharedDbCB=CLOSED;inventory:paymentServiceCB=CLOSED;inventory:sharedDbCB=CLOSED;payment:notificationServiceCB=CLOSED;payment:sharedDbCB=CLOSED;notification:sharedDbCB=CLOSED,gateway:orderServiceCB=0;gateway:inventoryServiceCB=0;gateway:paymentServiceCB=0;order:inventoryServiceCB=0;order:sharedDbCB=0;inventory:paymentServiceCB=0;inventory:sharedDbCB=0;payment:notificationServiceCB=0;payment:sharedDbCB=0;notification:sharedDbCB=0,200.0,922.046,2080763661,17,45.0,10.0,0.4894,17.7133,True,9.7882,jay-mac,False,75.0,RECOVERY_TIMEOUT_HANG+LAMBDA_DEVIATION
LIN-LAT-TIM-T50-W5-D5,LINEAR,LATENCY,TIME_BASED,50,5,5,5,LOCAL,full,2,2026-09-16T09:20:29Z,0.25,3.574,23.475,0.775,0.8885,0.25,order-service:0.7750;inventory-service:0.0000;payment-service:0.0000;notification-service:0.0000,True,,24.282,gateway:orderServiceCB=CLOSED;gateway:inventoryServiceCB=CLOSED;gateway:paymentServiceCB=CLOSED;order:inventoryServiceCB=CLOSED;order:sharedDbCB=CLOSED;inventory:paymentServiceCB=CLOSED;inventory:sharedDbCB=CLOSED;payment:notificationServiceCB=CLOSED;payment:sharedDbCB=CLOSED;notification:sharedDbCB=CLOSED,gateway:orderServiceCB=0;gateway:inventoryServiceCB=0;gateway:paymentServiceCB=0;order:inventoryServiceCB=0;order:sharedDbCB=0;inventory:paymentServiceCB=0;inventory:sharedDbCB=0;payment:notificationServiceCB=0;payment:sharedDbCB=0;notification:sharedDbCB=0,200.0,20.725,2080763661,18,45.0,10.0,9.6505,0.0174,False,48.2527,jay-mac,False,75.0,
LIN-LAT-TIM-T50-W10-D5,LINEAR,LATENCY,TIME_BASED,50,10,5,5,LOCAL,full,2,2026-09-16T09:22:15Z,0.25,6.778,23.414,0.696,0.8511,0.25,order-service:0.6960;inventory-service:0.0000;payment-service:0.0000;notification-service:0.0000,True,,23.374,gateway:orderServiceCB=CLOSED;gateway:inventoryServiceCB=CLOSED;gateway:paymentServiceCB=CLOSED;order:inventoryServiceCB=CLOSED;order:sharedDbCB=CLOSED;inventory:paymentServiceCB=CLOSED;inventory:sharedDbCB=CLOSED;payment:notificationServiceCB=CLOSED;payment:sharedDbCB=CLOSED;notification:sharedDbCB=CLOSED,gateway:orderServiceCB=0;gateway:inventoryServiceCB=0;gateway:paymentServiceCB=0;order:inventoryServiceCB=0;order:sharedDbCB=0;inventory:paymentServiceCB=0;inventory:sharedDbCB=0;payment:notificationServiceCB=0;payment:sharedDbCB=0;notification:sharedDbCB=0,200.0,20.773,2080763661,19,45.0,10.0,9.6694,0.0177,False,96.6937,jay-mac,False,75.0,
LIN-LAT-TIM-T50-W10-D15,LINEAR,LATENCY,TIME_BASED,50,10,15,5,LOCAL,full,2,2026-09-16T09:24:13Z,0.25,6.774,34.91,0.8029,0.9026,0.25,order-service:0.8029;inventory-service:0.0000;payment-service:0.0000;notification-service:0.0000,True,,23.326,gateway:orderServiceCB=CLOSED;gateway:inventoryServiceCB=CLOSED;gateway:paymentServiceCB=CLOSED;order:inventoryServiceCB=CLOSED;order:sharedDbCB=CLOSED;inventory:paymentServiceCB=CLOSED;inventory:sharedDbCB=CLOSED;payment:notificationServiceCB=CLOSED;payment:sharedDbCB=CLOSED;notification:sharedDbCB=CLOSED,gateway:orderServiceCB=0;gateway:inventoryServiceCB=0;gateway:paymentServiceCB=0;order:inventoryServiceCB=0;order:sharedDbCB=0;inventory:paymentServiceCB=0;inventory:sharedDbCB=0;payment:notificationServiceCB=0;payment:sharedDbCB=0;notification:sharedDbCB=0,200.0,20.747,2080763661,20,45.0,10.0,9.6312,0.0164,False,96.3116,jay-mac,False,105.0,
LIN-LAT-CNT-T50-W20-D5,LINEAR,LATENCY,COUNT_BASED,50,20,5,5,LOCAL,full,2,2026-09-16T09:25:47Z,0.25,4.008,6.178,0.35,0.7149,0.0,order-service:0.3500;inventory-service:0.0000;payment-service:0.0000;notification-service:0.0000,True,,31.224,gateway:orderServiceCB=CLOSED;gateway:inventoryServiceCB=CLOSED;gateway:paymentServiceCB=CLOSED;order:inventoryServiceCB=CLOSED;order:sharedDbCB=CLOSED;inventory:paymentServiceCB=CLOSED;inventory:sharedDbCB=CLOSED;payment:notificationServiceCB=CLOSED;payment:sharedDbCB=CLOSED;notification:sharedDbCB=CLOSED,gateway:orderServiceCB=0;gateway:inventoryServiceCB=0;gateway:paymentServiceCB=0;order:inventoryServiceCB=0;order:sharedDbCB=0;inventory:paymentServiceCB=0;inventory:sharedDbCB=0;payment:notificationServiceCB=0;payment:sharedDbCB=0;notification:sharedDbCB=0,200.0,20.723,2080763661,21,45.0,10.0,9.6553,0.017,False,20.0,jay-mac,False,75.0,
LIN-LAT-TIM-T50-W5-D30,LINEAR,LATENCY,TIME_BASED,50,5,30,5,LOCAL,full,1,2026-09-16T09:28:17Z,0.25,3.766,71.954,0.9067,0.9535,0.25,order-service:0.9067;inventory-service:0.0000;payment-service:0.0000;notification-service:0.0000,True,,21.711,gateway:orderServiceCB=CLOSED;gateway:inventoryServiceCB=CLOSED;gateway:paymentServiceCB=CLOSED;order:inventoryServiceCB=CLOSED;order:sharedDbCB=CLOSED;inventory:paymentServiceCB=CLOSED;inventory:sharedDbCB=CLOSED;payment:notificationServiceCB=CLOSED;payment:sharedDbCB=CLOSED;notification:sharedDbCB=CLOSED,gateway:orderServiceCB=0;gateway:inventoryServiceCB=0;gateway:paymentServiceCB=0;order:inventoryServiceCB=0;order:sharedDbCB=0;inventory:paymentServiceCB=0;inventory:sharedDbCB=0;payment:notificationServiceCB=0;payment:sharedDbCB=0;notification:sharedDbCB=0,200.0,20.725,2080763661,22,45.0,10.0,9.6419,0.0169,False,48.2094,jay-mac,False,150.0,
LIN-LAT-CNT-T50-W20-D30,LINEAR,LATENCY,COUNT_BASED,50,20,30,5,LOCAL,full,2,2026-09-16T09:30:20Z,,,,,,,,False,READINESS_TIMEOUT,96.373,,,,,2080763661,23,,,,,,,jay-mac,,,
LIN-LAT-TIM-T50-W5-D15,LINEAR,LATENCY,TIME_BASED,50,5,15,5,LOCAL,full,1,2026-09-16T09:35:25Z,0.25,3.98,34.313,0.8633,0.9332,0.25,order-service:0.8633;inventory-service:0.0000;payment-service:0.0000;notification-service:0.0000,True,,44.572,gateway:orderServiceCB=CLOSED;gateway:inventoryServiceCB=CLOSED;gateway:paymentServiceCB=CLOSED;order:inventoryServiceCB=CLOSED;order:sharedDbCB=CLOSED;inventory:paymentServiceCB=CLOSED;inventory:sharedDbCB=CLOSED;payment:notificationServiceCB=CLOSED;payment:sharedDbCB=CLOSED;notification:sharedDbCB=CLOSED,gateway:orderServiceCB=0;gateway:inventoryServiceCB=0;gateway:paymentServiceCB=0;order:inventoryServiceCB=0;order:sharedDbCB=0;inventory:paymentServiceCB=0;inventory:sharedDbCB=0;payment:notificationServiceCB=0;payment:sharedDbCB=0;notification:sharedDbCB=0,200.0,21.83,2080763661,24,45.0,10.0,9.3923,0.0348,False,46.9616,jay-mac,False,105.0,
LIN-LAT-CNT-T50-W10-D30,LINEAR,LATENCY,COUNT_BASED,50,10,30,5,LOCAL,full,1,2026-09-16T09:37:54Z,,,,,,,,False,READINESS_TIMEOUT,122.5,,,,,2080763661,25,,,,,,,jay-mac,,,
LIN-LAT-CNT-T50-W10-D5,LINEAR,LATENCY,COUNT_BASED,50,10,5,5,LOCAL,full,1,2026-09-16T10:40:34Z,,,,,,,,False,READINESS_TIMEOUT,3732.396,,,,,2080763661,26,,,,,,,jay-mac,,,
LIN-LAT-TIM-T50-W20-D15,LINEAR,LATENCY,TIME_BASED,50,20,15,5,LOCAL,full,2,2026-09-16T10:59:01Z,,,,,,,,False,READINESS_TIMEOUT,1078.624,,,,,2080763661,27,,,,,,,jay-mac,,,
LIN-LAT-TIM-T50-W10-D5,LINEAR,LATENCY,TIME_BASED,50,10,5,5,LOCAL,full,1,2026-09-16T11:33:59Z,,,,,,,,False,READINESS_TIMEOUT,652.206,,,,,2080763661,28,,,,,,,jay-mac,,,
LIN-LAT-TIM-T50-W20-D30,LINEAR,LATENCY,TIME_BASED,50,20,30,5,LOCAL,full,1,2026-09-16T11:52:33Z,,,,,,,,False,READINESS_TIMEOUT,1086.216,,,,,2080763661,29,,,,,,,jay-mac,,,
LIN-LAT-TIM-T50-W20-D15,LINEAR,LATENCY,TIME_BASED,50,20,15,5,LOCAL,full,1,2026-09-16T13:36:42Z,0.25,11.857,2657.107,0.72,0.9975,0.25,order-service:0.7200;inventory-service:0.0000;payment-service:0.0000;notification-service:0.0000,True,,29.382,gateway:orderServiceCB=CLOSED;gateway:inventoryServiceCB=CLOSED;gateway:paymentServiceCB=CLOSED;order:inventoryServiceCB=CLOSED;order:sharedDbCB=CLOSED;inventory:paymentServiceCB=CLOSED;inventory:sharedDbCB=CLOSED;payment:notificationServiceCB=CLOSED;payment:sharedDbCB=CLOSED;notification:sharedDbCB=CLOSED,gateway:orderServiceCB=0;gateway:inventoryServiceCB=0;gateway:paymentServiceCB=0;order:inventoryServiceCB=0;order:sharedDbCB=0;inventory:paymentServiceCB=0;inventory:sharedDbCB=0;payment:notificationServiceCB=0;payment:sharedDbCB=0;notification:sharedDbCB=0,200.0,989.369,2080763661,30,45.0,10.0,0.1693,12.1939,True,3.3853,jay-mac,False,105.0,RECOVERY_TIMEOUT_HANG+LAMBDA_DEVIATION
LIN-LAT-TIM-T50-W5-D15,LINEAR,LATENCY,TIME_BASED,50,5,15,5,LOCAL,full,2,2026-09-16T13:40:28Z,0.25,4.192,35.33,0.85,0.9265,0.25,order-service:0.8500;inventory-service:0.0000;payment-service:0.0000;notification-service:0.0000,True,,19.672,gateway:orderServiceCB=CLOSED;gateway:inventoryServiceCB=CLOSED;gateway:paymentServiceCB=CLOSED;order:inventoryServiceCB=CLOSED;order:sharedDbCB=CLOSED;inventory:paymentServiceCB=CLOSED;inventory:sharedDbCB=CLOSED;payment:notificationServiceCB=CLOSED;payment:sharedDbCB=CLOSED;notification:sharedDbCB=CLOSED,gateway:orderServiceCB=0;gateway:inventoryServiceCB=0;gateway:paymentServiceCB=0;order:inventoryServiceCB=0;order:sharedDbCB=0;inventory:paymentServiceCB=0;inventory:sharedDbCB=0;payment:notificationServiceCB=0;payment:sharedDbCB=0;notification:sharedDbCB=0,200.0,20.789,2080763661,31,45.0,10.0,9.6419,0.0163,False,48.2097,jay-mac,False,105.0,
LIN-LAT-CNT-T50-W5-D15,LINEAR,LATENCY,COUNT_BASED,50,5,15,5,LOCAL,full,1,2026-09-16T13:42:07Z,0.25,3.323,16.448,0.2,0.7365,0.0,order-service:0.2000;inventory-service:0.0000;payment-service:0.0000;notification-service:0.0000,True,,19.507,gateway:orderServiceCB=CLOSED;gateway:inventoryServiceCB=CLOSED;gateway:paymentServiceCB=CLOSED;order:inventoryServiceCB=CLOSED;order:sharedDbCB=CLOSED;inventory:paymentServiceCB=CLOSED;inventory:sharedDbCB=CLOSED;payment:notificationServiceCB=CLOSED;payment:sharedDbCB=CLOSED;notification:sharedDbCB=CLOSED,gateway:orderServiceCB=0;gateway:inventoryServiceCB=0;gateway:paymentServiceCB=0;order:inventoryServiceCB=0;order:sharedDbCB=0;inventory:paymentServiceCB=0;inventory:sharedDbCB=0;payment:notificationServiceCB=0;payment:sharedDbCB=0;notification:sharedDbCB=0,200.0,20.796,2080763661,32,45.0,10.0,9.6473,0.0165,False,5.0,jay-mac,False,105.0,
LIN-LAT-CNT-T50-W5-D30,LINEAR,LATENCY,COUNT_BASED,50,5,30,5,LOCAL,full,1,2026-09-16T13:44:14Z,0.25,3.436,31.908,0.225,0.7111,0.0,order-service:0.2250;inventory-service:0.0000;payment-service:0.0000;notification-service:0.0000,True,,30.311,gateway:orderServiceCB=CLOSED;gateway:inventoryServiceCB=CLOSED;gateway:paymentServiceCB=CLOSED;order:inventoryServiceCB=CLOSED;order:sharedDbCB=CLOSED;inventory:paymentServiceCB=CLOSED;inventory:sharedDbCB=CLOSED;payment:notificationServiceCB=CLOSED;payment:sharedDbCB=CLOSED;notification:sharedDbCB=CLOSED,gateway:orderServiceCB=0;gateway:inventoryServiceCB=0;gateway:paymentServiceCB=0;order:inventoryServiceCB=0;order:sharedDbCB=0;inventory:paymentServiceCB=0;inventory:sharedDbCB=0;payment:notificationServiceCB=0;payment:sharedDbCB=0;notification:sharedDbCB=0,200.0,20.718,2080763661,33,45.0,10.0,9.5705,0.0415,False,5.0,jay-mac,False,150.0,
LIN-LAT-TIM-T50-W10-D30,LINEAR,LATENCY,TIME_BASED,50,10,30,5,LOCAL,full,2,2026-09-16T13:46:41Z,0.25,6.825,64.804,0.86,0.9306,0.25,order-service:0.8600;inventory-service:0.0000;payment-service:0.0000;notification-service:0.0000,True,,23.861,gateway:orderServiceCB=CLOSED;gateway:inventoryServiceCB=CLOSED;gateway:paymentServiceCB=CLOSED;order:inventoryServiceCB=CLOSED;order:sharedDbCB=CLOSED;inventory:paymentServiceCB=CLOSED;inventory:sharedDbCB=CLOSED;payment:notificationServiceCB=CLOSED;payment:sharedDbCB=CLOSED;notification:sharedDbCB=CLOSED,gateway:orderServiceCB=0;gateway:inventoryServiceCB=0;gateway:paymentServiceCB=0;order:inventoryServiceCB=0;order:sharedDbCB=0;inventory:paymentServiceCB=0;inventory:sharedDbCB=0;payment:notificationServiceCB=0;payment:sharedDbCB=0;notification:sharedDbCB=0,200.0,20.711,2080763661,34,45.0,10.0,9.6404,0.0149,False,96.404,jay-mac,False,150.0,
LIN-LAT-TIM-T50-W20-D30,LINEAR,LATENCY,TIME_BASED,50,20,30,5,LOCAL,full,2,2026-09-16T13:49:21Z,0.25,11.867,65.059,0.8017,0.9005,0.25,order-service:0.8017;inventory-service:0.0000;payment-service:0.0000;notification-service:0.0000,True,,30.127,gateway:orderServiceCB=CLOSED;gateway:inventoryServiceCB=CLOSED;gateway:paymentServiceCB=CLOSED;order:inventoryServiceCB=CLOSED;order:sharedDbCB=CLOSED;inventory:paymentServiceCB=CLOSED;inventory:sharedDbCB=CLOSED;payment:notificationServiceCB=CLOSED;payment:sharedDbCB=CLOSED;notification:sharedDbCB=CLOSED,gateway:orderServiceCB=0;gateway:inventoryServiceCB=0;gateway:paymentServiceCB=0;order:inventoryServiceCB=0;order:sharedDbCB=0;inventory:paymentServiceCB=0;inventory:sharedDbCB=0;payment:notificationServiceCB=0;payment:sharedDbCB=0;notification:sharedDbCB=0,200.0,20.668,2080763661,35,45.0,10.0,9.6672,0.0168,False,193.3434,jay-mac,False,150.0,
LIN-LAT-TIM-T50-W5-D5,LINEAR,LATENCY,TIME_BASED,50,5,5,5,LOCAL,full,1,2026-09-16T13:51:12Z,0.25,4.266,23.053,0.75,0.8788,0.25,order-service:0.7500;inventory-service:0.0000;payment-service:0.0000;notification-service:0.0000,True,,31.086,gateway:orderServiceCB=CLOSED;gateway:inventoryServiceCB=CLOSED;gateway:paymentServiceCB=CLOSED;order:inventoryServiceCB=CLOSED;order:sharedDbCB=CLOSED;inventory:paymentServiceCB=CLOSED;inventory:sharedDbCB=CLOSED;payment:notificationServiceCB=CLOSED;payment:sharedDbCB=CLOSED;notification:sharedDbCB=CLOSED,gateway:orderServiceCB=0;gateway:inventoryServiceCB=0;gateway:paymentServiceCB=0;order:inventoryServiceCB=0;order:sharedDbCB=0;inventory:paymentServiceCB=0;inventory:sharedDbCB=0;payment:notificationServiceCB=0;payment:sharedDbCB=0;notification:sharedDbCB=0,200.0,20.707,2080763661,36,45.0,10.0,9.6694,0.0162,False,48.3472,jay-mac,False,75.0,
LIN-LAT-CNT-T50-W20-D5,LINEAR,LATENCY,COUNT_BASED,50,20,5,5,LOCAL,full,1,2026-09-16T13:53:51Z,0.25,4.011,6.223,0.35,0.7112,0.0,order-service:0.3500;inventory-service:0.0000;payment-service:0.0000;notification-service:0.0000,True,,31.888,gateway:orderServiceCB=CLOSED;gateway:inventoryServiceCB=CLOSED;gateway:paymentServiceCB=CLOSED;order:inventoryServiceCB=CLOSED;order:sharedDbCB=CLOSED;inventory:paymentServiceCB=CLOSED;inventory:sharedDbCB=CLOSED;payment:notificationServiceCB=CLOSED;payment:sharedDbCB=CLOSED;notification:sharedDbCB=CLOSED,gateway:orderServiceCB=0;gateway:inventoryServiceCB=0;gateway:paymentServiceCB=0;order:inventoryServiceCB=0;order:sharedDbCB=0;inventory:paymentServiceCB=0;inventory:sharedDbCB=0;payment:notificationServiceCB=0;payment:sharedDbCB=0;notification:sharedDbCB=0,200.0,20.667,676449556,1,45.0,10.0,9.6767,0.0174,False,20.0,jay-mac,False,75.0,
LIN-LAT-CNT-T50-W5-D15,LINEAR,LATENCY,COUNT_BASED,50,5,15,5,LOCAL,full,2,2026-09-16T13:55:45Z,0.25,3.335,16.59,0.225,0.7468,0.0,order-service:0.2250;inventory-service:0.0000;payment-service:0.0000;notification-service:0.0000,True,,33.812,gateway:orderServiceCB=CLOSED;gateway:inventoryServiceCB=CLOSED;gateway:paymentServiceCB=CLOSED;order:inventoryServiceCB=CLOSED;order:sharedDbCB=CLOSED;inventory:paymentServiceCB=CLOSED;inventory:sharedDbCB=CLOSED;payment:notificationServiceCB=CLOSED;payment:sharedDbCB=CLOSED;notification:sharedDbCB=CLOSED,gateway:orderServiceCB=0;gateway:inventoryServiceCB=0;gateway:paymentServiceCB=0;order:inventoryServiceCB=0;order:sharedDbCB=0;inventory:paymentServiceCB=0;inventory:sharedDbCB=0;payment:notificationServiceCB=0;payment:sharedDbCB=0;notification:sharedDbCB=0,200.0,20.742,676449556,2,45.0,10.0,9.3539,0.1351,False,5.0,jay-mac,False,105.0,
LIN-LAT-TIM-T50-W10-D5,LINEAR,LATENCY,TIME_BASED,50,10,5,5,LOCAL,full,1,2026-09-16T13:58:07Z,0.25,6.701,23.409,0.7,0.8499,0.25,order-service:0.7000;inventory-service:0.0000;payment-service:0.0000;notification-service:0.0000,True,,52.442,gateway:orderServiceCB=CLOSED;gateway:inventoryServiceCB=CLOSED;gateway:paymentServiceCB=CLOSED;order:inventoryServiceCB=CLOSED;order:sharedDbCB=CLOSED;inventory:paymentServiceCB=CLOSED;inventory:sharedDbCB=CLOSED;payment:notificationServiceCB=CLOSED;payment:sharedDbCB=CLOSED;notification:sharedDbCB=CLOSED,gateway:orderServiceCB=0;gateway:inventoryServiceCB=0;gateway:paymentServiceCB=0;order:inventoryServiceCB=0;order:sharedDbCB=0;inventory:paymentServiceCB=0;inventory:sharedDbCB=0;payment:notificationServiceCB=0;payment:sharedDbCB=0;notification:sharedDbCB=0,200.0,20.664,676449556,3,45.0,10.0,9.6903,0.0163,False,96.9026,jay-mac,False,75.0,
LIN-LAT-CNT-T50-W20-D30,LINEAR,LATENCY,COUNT_BASED,50,20,30,5,LOCAL,full,2,2026-09-16T14:00:43Z,0.25,4.071,31.004,0.35,0.7124,0.0,order-service:0.3500;inventory-service:0.0000;payment-service:0.0000;notification-service:0.0000,True,,40.228,gateway:orderServiceCB=CLOSED;gateway:inventoryServiceCB=CLOSED;gateway:paymentServiceCB=CLOSED;order:inventoryServiceCB=CLOSED;order:sharedDbCB=CLOSED;inventory:paymentServiceCB=CLOSED;inventory:sharedDbCB=CLOSED;payment:notificationServiceCB=CLOSED;payment:sharedDbCB=CLOSED;notification:sharedDbCB=CLOSED,gateway:orderServiceCB=0;gateway:inventoryServiceCB=0;gateway:paymentServiceCB=0;order:inventoryServiceCB=0;order:sharedDbCB=0;inventory:paymentServiceCB=0;inventory:sharedDbCB=0;payment:notificationServiceCB=0;payment:sharedDbCB=0;notification:sharedDbCB=0,200.0,20.724,676449556,4,45.0,10.0,9.6919,0.0163,False,20.0,jay-mac,False,150.0,
LIN-LAT-TIM-T50-W20-D15,LINEAR,LATENCY,TIME_BASED,50,20,15,5,LOCAL,full,2,2026-09-16T14:03:09Z,0.25,11.632,53.588,0.7289,0.8719,0.25,order-service:0.7289;inventory-service:0.0000;payment-service:0.0000;notification-service:0.0000,True,,28.236,gateway:orderServiceCB=CLOSED;gateway:inventoryServiceCB=CLOSED;gateway:paymentServiceCB=CLOSED;order:inventoryServiceCB=CLOSED;order:sharedDbCB=CLOSED;inventory:paymentServiceCB=CLOSED;inventory:sharedDbCB=CLOSED;payment:notificationServiceCB=CLOSED;payment:sharedDbCB=CLOSED;notification:sharedDbCB=CLOSED,gateway:orderServiceCB=0;gateway:inventoryServiceCB=0;gateway:paymentServiceCB=0;order:inventoryServiceCB=0;order:sharedDbCB=0;inventory:paymentServiceCB=0;inventory:sharedDbCB=0;payment:notificationServiceCB=0;payment:sharedDbCB=0;notification:sharedDbCB=0,200.0,20.654,676449556,5,45.0,10.0,9.6563,0.0214,False,193.1257,jay-mac,False,105.0,
LIN-LAT-CNT-T50-W10-D15,LINEAR,LATENCY,COUNT_BASED,50,10,15,5,LOCAL,full,2,2026-09-16T14:05:05Z,0.25,3.627,16.535,0.15,0.7301,0.0,order-service:0.1500;inventory-service:0.0000;payment-service:0.0000;notification-service:0.0000,True,,30.085,gateway:orderServiceCB=CLOSED;gateway:inventoryServiceCB=CLOSED;gateway:paymentServiceCB=CLOSED;order:inventoryServiceCB=CLOSED;order:sharedDbCB=CLOSED;inventory:paymentServiceCB=CLOSED;inventory:sharedDbCB=CLOSED;payment:notificationServiceCB=CLOSED;payment:sharedDbCB=CLOSED;notification:sharedDbCB=CLOSED,gateway:orderServiceCB=0;gateway:inventoryServiceCB=0;gateway:paymentServiceCB=0;order:inventoryServiceCB=0;order:sharedDbCB=0;inventory:paymentServiceCB=0;inventory:sharedDbCB=0;payment:notificationServiceCB=0;payment:sharedDbCB=0;notification:sharedDbCB=0,200.0,20.654,676449556,6,45.0,10.0,9.6664,0.0153,False,10.0,jay-mac,False,105.0,
LIN-LAT-CNT-T50-W10-D30,LINEAR,LATENCY,COUNT_BASED,50,10,30,5,LOCAL,full,1,2026-09-16T14:07:08Z,0.25,3.577,31.897,0.15,0.7288,0.0,order-service:0.1500;inventory-service:0.0000;payment-service:0.0000;notification-service:0.0000,True,,22.837,gateway:orderServiceCB=CLOSED;gateway:inventoryServiceCB=CLOSED;gateway:paymentServiceCB=CLOSED;order:inventoryServiceCB=CLOSED;order:sharedDbCB=CLOSED;inventory:paymentServiceCB=CLOSED;inventory:sharedDbCB=CLOSED;payment:notificationServiceCB=CLOSED;payment:sharedDbCB=CLOSED;notification:sharedDbCB=CLOSED,gateway:orderServiceCB=0;gateway:inventoryServiceCB=0;gateway:paymentServiceCB=0;order:inventoryServiceCB=0;order:sharedDbCB=0;inventory:paymentServiceCB=0;inventory:sharedDbCB=0;payment:notificationServiceCB=0;payment:sharedDbCB=0;notification:sharedDbCB=0,200.0,20.658,676449556,7,45.0,10.0,9.6809,0.0168,False,10.0,jay-mac,False,150.0,
LIN-LAT-CNT-T50-W10-D5,LINEAR,LATENCY,COUNT_BASED,50,10,5,5,LOCAL,full,1,2026-09-16T14:08:33Z,0.25,3.568,6.124,0.15,0.7279,0.0,order-service:0.1500;inventory-service:0.0000;payment-service:0.0000;notification-service:0.0000,True,,23.288,gateway:orderServiceCB=CLOSED;gateway:inventoryServiceCB=CLOSED;gateway:paymentServiceCB=CLOSED;order:inventoryServiceCB=CLOSED;order:sharedDbCB=CLOSED;inventory:paymentServiceCB=CLOSED;inventory:sharedDbCB=CLOSED;payment:notificationServiceCB=CLOSED;payment:sharedDbCB=CLOSED;notification:sharedDbCB=CLOSED,gateway:orderServiceCB=0;gateway:inventoryServiceCB=0;gateway:paymentServiceCB=0;order:inventoryServiceCB=0;order:sharedDbCB=0;inventory:paymentServiceCB=0;inventory:sharedDbCB=0;payment:notificationServiceCB=0;payment:sharedDbCB=0;notification:sharedDbCB=0,200.0,20.697,676449556,8,45.0,10.0,9.6695,0.0168,False,10.0,jay-mac,False,75.0,
LIN-LAT-TIM-T50-W20-D30,LINEAR,LATENCY,TIME_BASED,50,20,30,5,LOCAL,full,1,2026-09-16T14:11:08Z,0.25,11.827,64.761,0.8017,0.9016,0.25,order-service:0.8017;inventory-service:0.0000;payment-service:0.0000;notification-service:0.0000,True,,26.076,gateway:orderServiceCB=CLOSED;gateway:inventoryServiceCB=CLOSED;gateway:paymentServiceCB=CLOSED;order:inventoryServiceCB=CLOSED;order:sharedDbCB=CLOSED;inventory:paymentServiceCB=CLOSED;inventory:sharedDbCB=CLOSED;payment:notificationServiceCB=CLOSED;payment:sharedDbCB=CLOSED;notification:sharedDbCB=CLOSED,gateway:orderServiceCB=0;gateway:inventoryServiceCB=0;gateway:paymentServiceCB=0;order:inventoryServiceCB=0;order:sharedDbCB=0;inventory:paymentServiceCB=0;inventory:sharedDbCB=0;payment:notificationServiceCB=0;payment:sharedDbCB=0;notification:sharedDbCB=0,200.0,20.71,676449556,9,45.0,10.0,9.6695,0.0158,False,193.3906,jay-mac,False,150.0,
