experiment_id,topology,fault_type,window_type,threshold,window_size,wait_duration,permitted_calls_half_open,environment,mode,replicate,run_timestamp,blast_radius,time_to_open,time_to_recover,error_rate,throughput_loss,real_blast_radius,leg_failure_rates,precondition_ok,precondition_fail_reason,readiness_wait_s,cb_state_pre,buffered_calls_pre,warmup_requests,warmup_duration_s,run_order_seed,run_index,load_concurrency,lambda_target,lambda_achieved,lambda_cv,lambda_deviation_flag,effective_horizon,machine_id,excluded_reason
LIN-LAT-TIM-T30-W10-D15,LINEAR,LATENCY,TIME_BASED,30,10,15,5,LOCAL,full,1,2026-09-03T05:03:15Z,0.2500,5.419,34.815,0.8343,0.9183,0.0000,order-service:0.4171;inventory-service:0.0000;payment-service:0.0000;notification-service:0.0000,True,,29.641,gateway:orderServiceCB=CLOSED;gateway:inventoryServiceCB=CLOSED;gateway:paymentServiceCB=CLOSED;order:inventoryServiceCB=CLOSED;order:sharedDbCB=CLOSED;inventory:paymentServiceCB=CLOSED;inventory:sharedDbCB=CLOSED;payment:notificationServiceCB=CLOSED;payment:sharedDbCB=CLOSED;notification:sharedDbCB=CLOSED,gateway:orderServiceCB=0;gateway:inventoryServiceCB=0;gateway:paymentServiceCB=0;order:inventoryServiceCB=0;order:sharedDbCB=0;inventory:paymentServiceCB=0;inventory:sharedDbCB=0;payment:notificationServiceCB=0;payment:sharedDbCB=0;notification:sharedDbCB=0,200,20.038,1535622290,1,45,10.0000,9.9804,0.0014,False,99.8040,codespace,
LIN-LAT-CNT-T30-W10-D15,LINEAR,LATENCY,COUNT_BASED,30,10,15,5,LOCAL,full,3,2026-09-03T05:04:59Z,0.2500,3.284,16.284,0.1750,0.7423,0.0000,order-service:0.0875;inventory-service:0.0000;payment-service:0.0000;notification-service:0.0000,True,,30.206,gateway:orderServiceCB=CLOSED;gateway:inventoryServiceCB=CLOSED;gateway:paymentServiceCB=CLOSED;order:inventoryServiceCB=CLOSED;order:sharedDbCB=CLOSED;inventory:paymentServiceCB=CLOSED;inventory:sharedDbCB=CLOSED;payment:notificationServiceCB=CLOSED;payment:sharedDbCB=CLOSED;notification:sharedDbCB=CLOSED,gateway:orderServiceCB=0;gateway:inventoryServiceCB=0;gateway:paymentServiceCB=0;order:inventoryServiceCB=0;order:sharedDbCB=0;inventory:paymentServiceCB=0;inventory:sharedDbCB=0;payment:notificationServiceCB=0;payment:sharedDbCB=0;notification:sharedDbCB=0,200,20.036,1535622290,2,45,10.0000,9.9505,0.0025,False,10.0000,codespace,
LIN-LAT-CNT-T70-W10-D15,LINEAR,LATENCY,COUNT_BASED,70,10,15,5,LOCAL,full,2,2026-09-03T05:06:42Z,0.2500,3.705,16.286,0.0750,0.7284,0.0000,order-service:0.0375;inventory-service:0.0000;payment-service:0.0000;notification-service:0.0000,True,,30.103,gateway:orderServiceCB=CLOSED;gateway:inventoryServiceCB=CLOSED;gateway:paymentServiceCB=CLOSED;order:inventoryServiceCB=CLOSED;order:sharedDbCB=CLOSED;inventory:paymentServiceCB=CLOSED;inventory:sharedDbCB=CLOSED;payment:notificationServiceCB=CLOSED;payment:sharedDbCB=CLOSED;notification:sharedDbCB=CLOSED,gateway:orderServiceCB=0;gateway:inventoryServiceCB=0;gateway:paymentServiceCB=0;order:inventoryServiceCB=0;order:sharedDbCB=0;inventory:paymentServiceCB=0;inventory:sharedDbCB=0;payment:notificationServiceCB=0;payment:sharedDbCB=0;notification:sharedDbCB=0,200,20.037,1535622290,3,45,10.0000,9.9475,0.0039,False,10.0000,codespace,
LIN-LAT-CNT-T30-W10-D15,LINEAR,LATENCY,COUNT_BASED,30,10,15,5,LOCAL,full,1,2026-09-03T05:08:25Z,0.2500,3.27,16.29,0.1750,0.7425,0.0000,order-service:0.0875;inventory-service:0.0000;payment-service:0.0000;notification-service:0.0000,True,,30.113,gateway:orderServiceCB=CLOSED;gateway:inventoryServiceCB=CLOSED;gateway:paymentServiceCB=CLOSED;order:inventoryServiceCB=CLOSED;order:sharedDbCB=CLOSED;inventory:paymentServiceCB=CLOSED;inventory:sharedDbCB=CLOSED;payment:notificationServiceCB=CLOSED;payment:sharedDbCB=CLOSED;notification:sharedDbCB=CLOSED,gateway:orderServiceCB=0;gateway:inventoryServiceCB=0;gateway:paymentServiceCB=0;order:inventoryServiceCB=0;order:sharedDbCB=0;inventory:paymentServiceCB=0;inventory:sharedDbCB=0;payment:notificationServiceCB=0;payment:sharedDbCB=0;notification:sharedDbCB=0,200,20.035,1535622290,4,45,10.0000,9.9551,0.0017,False,10.0000,codespace,
LIN-LAT-TIM-T50-W10-D15,LINEAR,LATENCY,TIME_BASED,50,10,15,5,LOCAL,full,2,2026-09-03T05:10:30Z,0.2500,6.718,34.566,0.7943,0.8990,0.0000,order-service:0.3971;inventory-service:0.0000;payment-service:0.0000;notification-service:0.0000,True,,29.806,gateway:orderServiceCB=CLOSED;gateway:inventoryServiceCB=CLOSED;gateway:paymentServiceCB=CLOSED;order:inventoryServiceCB=CLOSED;order:sharedDbCB=CLOSED;inventory:paymentServiceCB=CLOSED;inventory:sharedDbCB=CLOSED;payment:notificationServiceCB=CLOSED;payment:sharedDbCB=CLOSED;notification:sharedDbCB=CLOSED,gateway:orderServiceCB=0;gateway:inventoryServiceCB=0;gateway:paymentServiceCB=0;order:inventoryServiceCB=0;order:sharedDbCB=0;inventory:paymentServiceCB=0;inventory:sharedDbCB=0;payment:notificationServiceCB=0;payment:sharedDbCB=0;notification:sharedDbCB=0,200,20.035,1535622290,5,45,10.0000,9.9807,0.0014,False,99.8074,codespace,
LIN-LAT-CNT-T70-W10-D15,LINEAR,LATENCY,COUNT_BASED,70,10,15,5,LOCAL,full,1,2026-09-03T05:12:14Z,0.2500,3.709,16.282,0.0750,0.7290,0.0000,order-service:0.0375;inventory-service:0.0000;payment-service:0.0000;notification-service:0.0000,True,,29.352,gateway:orderServiceCB=CLOSED;gateway:inventoryServiceCB=CLOSED;gateway:paymentServiceCB=CLOSED;order:inventoryServiceCB=CLOSED;order:sharedDbCB=CLOSED;inventory:paymentServiceCB=CLOSED;inventory:sharedDbCB=CLOSED;payment:notificationServiceCB=CLOSED;payment:sharedDbCB=CLOSED;notification:sharedDbCB=CLOSED,gateway:orderServiceCB=0;gateway:inventoryServiceCB=0;gateway:paymentServiceCB=0;order:inventoryServiceCB=0;order:sharedDbCB=0;inventory:paymentServiceCB=0;inventory:sharedDbCB=0;payment:notificationServiceCB=0;payment:sharedDbCB=0;notification:sharedDbCB=0,200,20.036,1535622290,6,45,10.0000,9.9500,0.0025,False,10.0000,codespace,
LIN-LAT-CNT-T30-W10-D15,LINEAR,LATENCY,COUNT_BASED,30,10,15,5,LOCAL,full,2,2026-09-03T05:13:56Z,0.2500,3.278,16.288,0.1750,0.7433,0.0000,order-service:0.0875;inventory-service:0.0000;payment-service:0.0000;notification-service:0.0000,True,,29.595,gateway:orderServiceCB=CLOSED;gateway:inventoryServiceCB=CLOSED;gateway:paymentServiceCB=CLOSED;order:inventoryServiceCB=CLOSED;order:sharedDbCB=CLOSED;inventory:paymentServiceCB=CLOSED;inventory:sharedDbCB=CLOSED;payment:notificationServiceCB=CLOSED;payment:sharedDbCB=CLOSED;notification:sharedDbCB=CLOSED,gateway:orderServiceCB=0;gateway:inventoryServiceCB=0;gateway:paymentServiceCB=0;order:inventoryServiceCB=0;order:sharedDbCB=0;inventory:paymentServiceCB=0;inventory:sharedDbCB=0;payment:notificationServiceCB=0;payment:sharedDbCB=0;notification:sharedDbCB=0,200,20.042,1535622290,7,45,10.0000,9.9360,0.0067,False,10.0000,codespace,
LIN-LAT-TIM-T30-W10-D15,LINEAR,LATENCY,TIME_BASED,30,10,15,5,LOCAL,full,3,2026-09-03T05:15:59Z,0.2500,5.219,35.021,0.8400,0.9217,0.0000,order-service:0.4200;inventory-service:0.0000;payment-service:0.0000;notification-service:0.0000,True,,28.933,gateway:orderServiceCB=CLOSED;gateway:inventoryServiceCB=CLOSED;gateway:paymentServiceCB=CLOSED;order:inventoryServiceCB=CLOSED;order:sharedDbCB=CLOSED;inventory:paymentServiceCB=CLOSED;inventory:sharedDbCB=CLOSED;payment:notificationServiceCB=CLOSED;payment:sharedDbCB=CLOSED;notification:sharedDbCB=CLOSED,gateway:orderServiceCB=0;gateway:inventoryServiceCB=0;gateway:paymentServiceCB=0;order:inventoryServiceCB=0;order:sharedDbCB=0;inventory:paymentServiceCB=0;inventory:sharedDbCB=0;payment:notificationServiceCB=0;payment:sharedDbCB=0;notification:sharedDbCB=0,200,20.037,1535622290,8,45,10.0000,9.9801,0.0020,False,99.8011,codespace,
LIN-LAT-TIM-T50-W10-D15,LINEAR,LATENCY,TIME_BASED,50,10,15,5,LOCAL,full,3,2026-09-03T05:18:03Z,0.2500,6.551,34.714,0.8029,0.9039,0.0000,order-service:0.4014;inventory-service:0.0000;payment-service:0.0000;notification-service:0.0000,True,,28.239,gateway:orderServiceCB=CLOSED;gateway:inventoryServiceCB=CLOSED;gateway:paymentServiceCB=CLOSED;order:inventoryServiceCB=CLOSED;order:sharedDbCB=CLOSED;inventory:paymentServiceCB=CLOSED;inventory:sharedDbCB=CLOSED;payment:notificationServiceCB=CLOSED;payment:sharedDbCB=CLOSED;notification:sharedDbCB=CLOSED,gateway:orderServiceCB=0;gateway:inventoryServiceCB=0;gateway:paymentServiceCB=0;order:inventoryServiceCB=0;order:sharedDbCB=0;inventory:paymentServiceCB=0;inventory:sharedDbCB=0;payment:notificationServiceCB=0;payment:sharedDbCB=0;notification:sharedDbCB=0,200,20.040,1535622290,9,45,10.0000,9.9808,0.0018,False,99.8082,codespace,
LIN-LAT-TIM-T70-W10-D15,LINEAR,LATENCY,TIME_BASED,70,10,15,5,LOCAL,full,1,2026-09-03T05:20:07Z,0.2500,7.81,34.454,0.7629,0.8823,0.0000,order-service:0.3814;inventory-service:0.0000;payment-service:0.0000;notification-service:0.0000,True,,28.462,gateway:orderServiceCB=CLOSED;gateway:inventoryServiceCB=CLOSED;gateway:paymentServiceCB=CLOSED;order:inventoryServiceCB=CLOSED;order:sharedDbCB=CLOSED;inventory:paymentServiceCB=CLOSED;inventory:sharedDbCB=CLOSED;payment:notificationServiceCB=CLOSED;payment:sharedDbCB=CLOSED;notification:sharedDbCB=CLOSED,gateway:orderServiceCB=0;gateway:inventoryServiceCB=0;gateway:paymentServiceCB=0;order:inventoryServiceCB=0;order:sharedDbCB=0;inventory:paymentServiceCB=0;inventory:sharedDbCB=0;payment:notificationServiceCB=0;payment:sharedDbCB=0;notification:sharedDbCB=0,200,20.035,1535622290,10,45,10.0000,9.9810,0.0015,False,99.8105,codespace,
LIN-LAT-TIM-T70-W10-D15,LINEAR,LATENCY,TIME_BASED,70,10,15,5,LOCAL,full,3,2026-09-03T05:22:13Z,0.2500,8.282,35.024,0.7543,0.8803,0.0000,order-service:0.3771;inventory-service:0.0000;payment-service:0.0000;notification-service:0.0000,True,,28.327,gateway:orderServiceCB=CLOSED;gateway:inventoryServiceCB=CLOSED;gateway:paymentServiceCB=CLOSED;order:inventoryServiceCB=CLOSED;order:sharedDbCB=CLOSED;inventory:paymentServiceCB=CLOSED;inventory:sharedDbCB=CLOSED;payment:notificationServiceCB=CLOSED;payment:sharedDbCB=CLOSED;notification:sharedDbCB=CLOSED,gateway:orderServiceCB=0;gateway:inventoryServiceCB=0;gateway:paymentServiceCB=0;order:inventoryServiceCB=0;order:sharedDbCB=0;inventory:paymentServiceCB=0;inventory:sharedDbCB=0;payment:notificationServiceCB=0;payment:sharedDbCB=0;notification:sharedDbCB=0,200,20.037,1535622290,11,45,10.0000,9.9797,0.0021,False,99.7970,codespace,
LIN-LAT-CNT-T50-W10-D15,LINEAR,LATENCY,COUNT_BASED,50,10,15,5,LOCAL,full,1,2026-09-03T05:23:56Z,0.2500,3.518,16.257,0.1250,0.7364,0.0000,order-service:0.0625;inventory-service:0.0000;payment-service:0.0000;notification-service:0.0000,True,,29.293,gateway:orderServiceCB=CLOSED;gateway:inventoryServiceCB=CLOSED;gateway:paymentServiceCB=CLOSED;order:inventoryServiceCB=CLOSED;order:sharedDbCB=CLOSED;inventory:paymentServiceCB=CLOSED;inventory:sharedDbCB=CLOSED;payment:notificationServiceCB=CLOSED;payment:sharedDbCB=CLOSED;notification:sharedDbCB=CLOSED,gateway:orderServiceCB=0;gateway:inventoryServiceCB=0;gateway:paymentServiceCB=0;order:inventoryServiceCB=0;order:sharedDbCB=0;inventory:paymentServiceCB=0;inventory:sharedDbCB=0;payment:notificationServiceCB=0;payment:sharedDbCB=0;notification:sharedDbCB=0,200,20.041,1535622290,12,45,10.0000,9.9400,0.0051,False,10.0000,codespace,
LIN-LAT-CNT-T70-W10-D15,LINEAR,LATENCY,COUNT_BASED,70,10,15,5,LOCAL,full,3,2026-09-03T05:25:40Z,0.2500,3.713,16.257,0.0750,0.7283,0.0000,order-service:0.0375;inventory-service:0.0000;payment-service:0.0000;notification-service:0.0000,True,,30.367,gateway:orderServiceCB=CLOSED;gateway:inventoryServiceCB=CLOSED;gateway:paymentServiceCB=CLOSED;order:inventoryServiceCB=CLOSED;order:sharedDbCB=CLOSED;inventory:paymentServiceCB=CLOSED;inventory:sharedDbCB=CLOSED;payment:notificationServiceCB=CLOSED;payment:sharedDbCB=CLOSED;notification:sharedDbCB=CLOSED,gateway:orderServiceCB=0;gateway:inventoryServiceCB=0;gateway:paymentServiceCB=0;order:inventoryServiceCB=0;order:sharedDbCB=0;inventory:paymentServiceCB=0;inventory:sharedDbCB=0;payment:notificationServiceCB=0;payment:sharedDbCB=0;notification:sharedDbCB=0,200,20.036,1535622290,13,45,10.0000,9.9525,0.0018,False,10.0000,codespace,
LIN-LAT-TIM-T70-W10-D15,LINEAR,LATENCY,TIME_BASED,70,10,15,5,LOCAL,full,2,2026-09-03T05:27:47Z,0.2500,8.459,34.829,0.7457,0.8763,0.0000,order-service:0.3729;inventory-service:0.0000;payment-service:0.0000;notification-service:0.0000,True,,30.041,gateway:orderServiceCB=CLOSED;gateway:inventoryServiceCB=CLOSED;gateway:paymentServiceCB=CLOSED;order:inventoryServiceCB=CLOSED;order:sharedDbCB=CLOSED;inventory:paymentServiceCB=CLOSED;inventory:sharedDbCB=CLOSED;payment:notificationServiceCB=CLOSED;payment:sharedDbCB=CLOSED;notification:sharedDbCB=CLOSED,gateway:orderServiceCB=0;gateway:inventoryServiceCB=0;gateway:paymentServiceCB=0;order:inventoryServiceCB=0;order:sharedDbCB=0;inventory:paymentServiceCB=0;inventory:sharedDbCB=0;payment:notificationServiceCB=0;payment:sharedDbCB=0;notification:sharedDbCB=0,200,20.036,1535622290,14,45,10.0000,9.9801,0.0019,False,99.8014,codespace,
LIN-LAT-TIM-T50-W10-D15,LINEAR,LATENCY,TIME_BASED,50,10,15,5,LOCAL,full,1,2026-09-03T05:29:51Z,0.2500,6.706,34.58,0.7971,0.9007,0.0000,order-service:0.3986;inventory-service:0.0000;payment-service:0.0000;notification-service:0.0000,True,,28.936,gateway:orderServiceCB=CLOSED;gateway:inventoryServiceCB=CLOSED;gateway:paymentServiceCB=CLOSED;order:inventoryServiceCB=CLOSED;order:sharedDbCB=CLOSED;inventory:paymentServiceCB=CLOSED;inventory:sharedDbCB=CLOSED;payment:notificationServiceCB=CLOSED;payment:sharedDbCB=CLOSED;notification:sharedDbCB=CLOSED,gateway:orderServiceCB=0;gateway:inventoryServiceCB=0;gateway:paymentServiceCB=0;order:inventoryServiceCB=0;order:sharedDbCB=0;inventory:paymentServiceCB=0;inventory:sharedDbCB=0;payment:notificationServiceCB=0;payment:sharedDbCB=0;notification:sharedDbCB=0,200,20.034,1535622290,15,45,10.0000,9.9805,0.0019,False,99.8051,codespace,
LIN-LAT-CNT-T50-W10-D15,LINEAR,LATENCY,COUNT_BASED,50,10,15,5,LOCAL,full,3,2026-09-03T05:31:34Z,0.2500,3.494,16.302,0.1250,0.7323,0.0000,order-service:0.0625;inventory-service:0.0000;payment-service:0.0000;notification-service:0.0000,True,,29.555,gateway:orderServiceCB=CLOSED;gateway:inventoryServiceCB=CLOSED;gateway:paymentServiceCB=CLOSED;order:inventoryServiceCB=CLOSED;order:sharedDbCB=CLOSED;inventory:paymentServiceCB=CLOSED;inventory:sharedDbCB=CLOSED;payment:notificationServiceCB=CLOSED;payment:sharedDbCB=CLOSED;notification:sharedDbCB=CLOSED,gateway:orderServiceCB=0;gateway:inventoryServiceCB=0;gateway:paymentServiceCB=0;order:inventoryServiceCB=0;order:sharedDbCB=0;inventory:paymentServiceCB=0;inventory:sharedDbCB=0;payment:notificationServiceCB=0;payment:sharedDbCB=0;notification:sharedDbCB=0,200,20.032,1535622290,16,45,10.0000,9.9523,0.0019,False,10.0000,codespace,
LIN-LAT-CNT-T50-W10-D15,LINEAR,LATENCY,COUNT_BASED,50,10,15,5,LOCAL,full,2,2026-09-03T05:33:17Z,0.2500,3.502,16.322,0.1250,0.7308,0.0000,order-service:0.0625;inventory-service:0.0000;payment-service:0.0000;notification-service:0.0000,True,,29.981,gateway:orderServiceCB=CLOSED;gateway:inventoryServiceCB=CLOSED;gateway:paymentServiceCB=CLOSED;order:inventoryServiceCB=CLOSED;order:sharedDbCB=CLOSED;inventory:paymentServiceCB=CLOSED;inventory:sharedDbCB=CLOSED;payment:notificationServiceCB=CLOSED;payment:sharedDbCB=CLOSED;notification:sharedDbCB=CLOSED,gateway:orderServiceCB=0;gateway:inventoryServiceCB=0;gateway:paymentServiceCB=0;order:inventoryServiceCB=0;order:sharedDbCB=0;inventory:paymentServiceCB=0;inventory:sharedDbCB=0;payment:notificationServiceCB=0;payment:sharedDbCB=0;notification:sharedDbCB=0,200,20.036,1535622290,17,45,10.0000,9.9506,0.0021,False,10.0000,codespace,
LIN-LAT-TIM-T30-W10-D15,LINEAR,LATENCY,TIME_BASED,30,10,15,5,LOCAL,full,2,2026-09-03T05:35:22Z,0.2500,5.453,34.785,0.8343,0.9181,0.0000,order-service:0.4171;inventory-service:0.0000;payment-service:0.0000;notification-service:0.0000,True,,30.300,gateway:orderServiceCB=CLOSED;gateway:inventoryServiceCB=CLOSED;gateway:paymentServiceCB=CLOSED;order:inventoryServiceCB=CLOSED;order:sharedDbCB=CLOSED;inventory:paymentServiceCB=CLOSED;inventory:sharedDbCB=CLOSED;payment:notificationServiceCB=CLOSED;payment:sharedDbCB=CLOSED;notification:sharedDbCB=CLOSED,gateway:orderServiceCB=0;gateway:inventoryServiceCB=0;gateway:paymentServiceCB=0;order:inventoryServiceCB=0;order:sharedDbCB=0;inventory:paymentServiceCB=0;inventory:sharedDbCB=0;payment:notificationServiceCB=0;payment:sharedDbCB=0;notification:sharedDbCB=0,200,20.040,1535622290,18,45,10.0000,9.9803,0.0019,False,99.8031,codespace,
