experiment_id,topology,fault_type,window_type,threshold,window_size,wait_duration,permitted_calls_half_open,environment,mode,replicate,run_timestamp,blast_radius,time_to_open,time_to_recover,error_rate,throughput_loss,real_blast_radius,leg_failure_rates
LIN-LAT-CNT-T30-W5-D5,LINEAR,LATENCY,COUNT_BASED,30,5,5,5,LOCAL,full,1,2026-07-26T21:45:04Z,0.2000,3.4,6.636,0.8500,0.8906,0.2000,gateway-service:0.8500;order-service:0.0000;inventory-service:0.0000;payment-service:0.0000;notification-service:0.0000
LIN-LAT-CNT-T30-W5-D5,LINEAR,LATENCY,COUNT_BASED,30,5,5,5,LOCAL,full,2,2026-07-26T21:46:03Z,0.2000,3.402,6.709,0.8500,0.9061,0.2000,gateway-service:0.8500;order-service:0.0000;inventory-service:0.0000;payment-service:0.0000;notification-service:0.0000
LIN-LAT-CNT-T30-W5-D5,LINEAR,LATENCY,COUNT_BASED,30,5,5,5,LOCAL,full,3,2026-07-26T21:47:03Z,0.2000,3.423,6.549,0.8500,0.8688,0.2000,gateway-service:0.8500;order-service:0.0000;inventory-service:0.0000;payment-service:0.0000;notification-service:0.0000
LIN-LAT-TIM-T30-W5-D5,LINEAR,LATENCY,TIME_BASED,30,5,5,5,LOCAL,full,1,2026-07-26T21:48:23Z,0.2000,6.195,23.947,0.9000,0.8836,0.2000,gateway-service:0.9000;order-service:0.0000;inventory-service:0.0000;payment-service:0.0000;notification-service:0.0000
LIN-LAT-TIM-T30-W5-D5,LINEAR,LATENCY,TIME_BASED,30,5,5,5,LOCAL,full,2,2026-07-26T21:49:43Z,0.2000,6.415,23.894,0.9000,0.9097,0.2000,gateway-service:0.9000;order-service:0.0000;inventory-service:0.0000;payment-service:0.0000;notification-service:0.0000
LIN-LAT-TIM-T30-W5-D5,LINEAR,LATENCY,TIME_BASED,30,5,5,5,LOCAL,full,3,2026-07-26T21:51:05Z,0.2000,6.223,23.872,0.9000,0.9006,0.2000,gateway-service:0.9000;order-service:0.0000;inventory-service:0.0000;payment-service:0.0000;notification-service:0.0000
LIN-LAT-CNT-T30-W5-D15,LINEAR,LATENCY,COUNT_BASED,30,5,15,5,LOCAL,full,1,2026-07-26T21:52:20Z,0.2000,3.455,16.261,0.8500,0.8826,0.2000,gateway-service:0.8500;order-service:0.0000;inventory-service:0.0000;payment-service:0.0000;notification-service:0.0000
LIN-LAT-CNT-T30-W5-D15,LINEAR,LATENCY,COUNT_BASED,30,5,15,5,LOCAL,full,2,2026-07-26T21:53:30Z,0.2000,3.355,16.16,0.8500,0.9273,0.2000,gateway-service:0.8500;order-service:0.0000;inventory-service:0.0000;payment-service:0.0000;notification-service:0.0000
LIN-LAT-CNT-T30-W5-D15,LINEAR,LATENCY,COUNT_BASED,30,5,15,5,LOCAL,full,3,2026-07-26T21:54:40Z,0.2000,3.366,16.125,0.8500,0.8836,0.2000,gateway-service:0.8500;order-service:0.0000;inventory-service:0.0000;payment-service:0.0000;notification-service:0.0000
LIN-LAT-TIM-T30-W5-D15,LINEAR,LATENCY,TIME_BASED,30,5,15,5,LOCAL,full,1,2026-07-26T21:56:08Z,0.2000,3.648,34.734,0.9533,0.9510,0.2000,gateway-service:0.9533;order-service:0.0000;inventory-service:0.0000;payment-service:0.0000;notification-service:0.0000
LIN-LAT-TIM-T30-W5-D15,LINEAR,LATENCY,TIME_BASED,30,5,15,5,LOCAL,full,2,2026-07-26T21:57:40Z,0.2000,6.191,35.184,0.9500,0.9430,0.2000,gateway-service:0.9500;order-service:0.0000;inventory-service:0.0000;payment-service:0.0000;notification-service:0.0000
LIN-LAT-TIM-T30-W5-D15,LINEAR,LATENCY,TIME_BASED,30,5,15,5,LOCAL,full,3,2026-07-26T21:59:11Z,0.2000,6.193,35.355,0.9500,0.9515,0.2000,gateway-service:0.9500;order-service:0.0000;inventory-service:0.0000;payment-service:0.0000;notification-service:0.0000
LIN-LAT-CNT-T30-W5-D30,LINEAR,LATENCY,COUNT_BASED,30,5,30,5,LOCAL,full,1,2026-07-26T22:00:35Z,0.2000,3.421,31.162,0.8500,0.9127,0.2000,gateway-service:0.8500;order-service:0.0000;inventory-service:0.0000;payment-service:0.0000;notification-service:0.0000
LIN-LAT-CNT-T30-W5-D30,LINEAR,LATENCY,COUNT_BASED,30,5,30,5,LOCAL,full,2,2026-07-26T22:02:01Z,0.2000,3.438,31.315,0.8500,0.9236,0.2000,gateway-service:0.8500;order-service:0.0000;inventory-service:0.0000;payment-service:0.0000;notification-service:0.0000
LIN-LAT-CNT-T30-W5-D30,LINEAR,LATENCY,COUNT_BASED,30,5,30,5,LOCAL,full,3,2026-07-26T22:03:06Z,0.0000,,,1.0000,1.0000,1.0000,gateway-service:1.0000
LIN-LAT-TIM-T30-W5-D30,LINEAR,LATENCY,TIME_BASED,30,5,30,5,LOCAL,full,1,2026-07-26T22:05:07Z,0.2000,6.251,65.236,0.9667,0.9667,0.2000,gateway-service:0.9667;order-service:0.0000;inventory-service:0.0000;payment-service:0.0000;notification-service:0.0000
LIN-LAT-TIM-T30-W5-D30,LINEAR,LATENCY,TIME_BASED,30,5,30,5,LOCAL,full,2,2026-07-26T22:07:09Z,0.2000,3.625,64.483,0.9711,0.9787,0.2000,gateway-service:0.9711;order-service:0.0000;inventory-service:0.0000;payment-service:0.0000;notification-service:0.0000
LIN-LAT-TIM-T30-W5-D30,LINEAR,LATENCY,TIME_BASED,30,5,30,5,LOCAL,full,3,2026-07-26T22:09:08Z,0.2000,3.607,64.641,0.9689,0.9610,0.2000,gateway-service:0.9689;order-service:0.0000;inventory-service:0.0000;payment-service:0.0000;notification-service:0.0000
LIN-LAT-CNT-T30-W10-D5,LINEAR,LATENCY,COUNT_BASED,30,10,5,5,LOCAL,full,1,2026-07-26T22:10:10Z,0.2000,3.344,6.614,0.8250,0.9084,0.2000,gateway-service:0.8250;order-service:0.0000;inventory-service:0.0000;payment-service:0.0000;notification-service:0.0000
LIN-LAT-CNT-T30-W10-D5,LINEAR,LATENCY,COUNT_BASED,30,10,5,5,LOCAL,full,2,2026-07-26T22:11:12Z,0.2000,3.36,6.588,0.8250,0.9101,0.2000,gateway-service:0.8250;order-service:0.0000;inventory-service:0.0000;payment-service:0.0000;notification-service:0.0000
LIN-LAT-CNT-T30-W10-D5,LINEAR,LATENCY,COUNT_BASED,30,10,5,5,LOCAL,full,3,2026-07-26T22:12:22Z,0.0000,,,0.9500,0.8847,0.2000,gateway-service:0.9500;order-service:0.0000;inventory-service:0.0000;payment-service:0.0000;notification-service:0.0000
LIN-LAT-TIM-T30-W10-D5,LINEAR,LATENCY,TIME_BASED,30,10,5,5,LOCAL,full,1,2026-07-26T22:13:41Z,0.2000,6.66,23.158,0.9080,0.9195,0.2000,gateway-service:0.9080;order-service:0.0000;inventory-service:0.0000;payment-service:0.0000;notification-service:0.0000
LIN-LAT-TIM-T30-W10-D5,LINEAR,LATENCY,TIME_BASED,30,10,5,5,LOCAL,full,2,2026-07-26T22:15:03Z,0.2000,6.714,23.998,0.9080,0.9311,0.2000,gateway-service:0.9080;order-service:0.0000;inventory-service:0.0000;payment-service:0.0000;notification-service:0.0000
LIN-LAT-TIM-T30-W10-D5,LINEAR,LATENCY,TIME_BASED,30,10,5,5,LOCAL,full,3,2026-07-26T22:16:25Z,0.2000,7.553,24.012,0.9400,0.7731,0.2000,gateway-service:0.9400;order-service:0.0000;inventory-service:0.0000;payment-service:0.0000;notification-service:0.0000
LIN-LAT-CNT-T30-W10-D15,LINEAR,LATENCY,COUNT_BASED,30,10,15,5,LOCAL,full,1,2026-07-26T22:17:35Z,0.2000,3.339,16.338,0.8250,0.9220,0.2000,gateway-service:0.8250;order-service:0.0000;inventory-service:0.0000;payment-service:0.0000;notification-service:0.0000
LIN-LAT-CNT-T30-W10-D15,LINEAR,LATENCY,COUNT_BASED,30,10,15,5,LOCAL,full,2,2026-07-26T22:18:42Z,0.2000,3.376,16.313,0.8250,0.8583,0.2000,gateway-service:0.8250;order-service:0.0000;inventory-service:0.0000;payment-service:0.0000;notification-service:0.0000
LIN-LAT-CNT-T30-W10-D15,LINEAR,LATENCY,COUNT_BASED,30,10,15,5,LOCAL,full,3,2026-07-26T22:19:49Z,0.2000,3.406,16.339,0.8250,0.8900,0.2000,gateway-service:0.8250;order-service:0.0000;inventory-service:0.0000;payment-service:0.0000;notification-service:0.0000
LIN-LAT-TIM-T30-W10-D15,LINEAR,LATENCY,TIME_BASED,30,10,15,5,LOCAL,full,1,2026-07-26T22:21:18Z,0.2000,6.484,35.651,0.9486,0.9583,0.2000,gateway-service:0.9486;order-service:0.0000;inventory-service:0.0000;payment-service:0.0000;notification-service:0.0000
LIN-LAT-TIM-T30-W10-D15,LINEAR,LATENCY,TIME_BASED,30,10,15,5,LOCAL,full,2,2026-07-26T22:22:49Z,0.2000,6.627,35.559,0.9486,0.9594,0.2000,gateway-service:0.9486;order-service:0.0000;inventory-service:0.0000;payment-service:0.0000;notification-service:0.0000
LIN-LAT-TIM-T30-W10-D15,LINEAR,LATENCY,TIME_BASED,30,10,15,5,LOCAL,full,3,2026-07-26T22:24:18Z,0.2000,6.589,35.456,0.9486,0.9512,0.2000,gateway-service:0.9486;order-service:0.0000;inventory-service:0.0000;payment-service:0.0000;notification-service:0.0000
LIN-LAT-CNT-T30-W10-D30,LINEAR,LATENCY,COUNT_BASED,30,10,30,5,LOCAL,full,1,2026-07-26T22:25:41Z,0.2000,3.389,31.32,0.8250,0.9079,0.2000,gateway-service:0.8250;order-service:0.0000;inventory-service:0.0000;payment-service:0.0000;notification-service:0.0000
LIN-LAT-CNT-T30-W10-D30,LINEAR,LATENCY,COUNT_BASED,30,10,30,5,LOCAL,full,2,2026-07-26T22:27:02Z,0.2000,3.411,31.214,0.8250,0.9030,0.2000,gateway-service:0.8250;order-service:0.0000;inventory-service:0.0000;payment-service:0.0000;notification-service:0.0000
LIN-LAT-CNT-T30-W10-D30,LINEAR,LATENCY,COUNT_BASED,30,10,30,5,LOCAL,full,3,2026-07-26T22:28:23Z,0.2000,3.373,31.357,0.8250,0.8754,0.2000,gateway-service:0.8250;order-service:0.0000;inventory-service:0.0000;payment-service:0.0000;notification-service:0.0000
LIN-LAT-TIM-T30-W10-D30,LINEAR,LATENCY,TIME_BASED,30,10,30,5,LOCAL,full,1,2026-07-26T22:30:26Z,0.2000,6.755,65.467,0.9640,0.9573,0.2000,gateway-service:0.9640;order-service:0.0000;inventory-service:0.0000;payment-service:0.0000;notification-service:0.0000
LIN-LAT-TIM-T30-W10-D30,LINEAR,LATENCY,TIME_BASED,30,10,30,5,LOCAL,full,2,2026-07-26T22:32:28Z,0.2000,6.692,64.735,0.9640,0.9707,0.2000,gateway-service:0.9640;order-service:0.0000;inventory-service:0.0000;payment-service:0.0000;notification-service:0.0000
LIN-LAT-TIM-T30-W10-D30,LINEAR,LATENCY,TIME_BASED,30,10,30,5,LOCAL,full,3,2026-07-26T22:34:28Z,0.2000,6.704,64.638,0.9640,0.9656,0.2000,gateway-service:0.9640;order-service:0.0000;inventory-service:0.0000;payment-service:0.0000;notification-service:0.0000
LIN-LAT-CNT-T30-W20-D5,LINEAR,LATENCY,COUNT_BASED,30,20,5,5,LOCAL,full,1,2026-07-26T22:35:27Z,0.2000,6.188,6.264,0.8333,0.8913,0.2000,gateway-service:0.8333;order-service:0.0000;inventory-service:0.0000;payment-service:0.0000;notification-service:0.0000
LIN-LAT-CNT-T30-W20-D5,LINEAR,LATENCY,COUNT_BASED,30,20,5,5,LOCAL,full,2,2026-07-26T22:36:28Z,0.2000,6.173,6.224,0.8333,0.8615,0.2000,gateway-service:0.8333;order-service:0.0000;inventory-service:0.0000;payment-service:0.0000;notification-service:0.0000
LIN-LAT-CNT-T30-W20-D5,LINEAR,LATENCY,COUNT_BASED,30,20,5,5,LOCAL,full,3,2026-07-26T22:37:30Z,0.2000,7.469,6.154,0.9167,0.7111,0.2000,gateway-service:0.9167;order-service:0.0000;inventory-service:0.0000;payment-service:0.0000;notification-service:0.0000
LIN-LAT-TIM-T30-W20-D5,LINEAR,LATENCY,TIME_BASED,30,20,5,5,LOCAL,full,1,2026-07-26T22:39:06Z,0.2000,6.602,41.117,0.9057,0.9033,0.2000,gateway-service:0.9057;order-service:0.0000;inventory-service:0.0000;payment-service:0.0000;notification-service:0.0000
LIN-LAT-TIM-T30-W20-D5,LINEAR,LATENCY,TIME_BASED,30,20,5,5,LOCAL,full,2,2026-07-26T22:40:44Z,0.2000,6.64,40.831,0.9057,0.9044,0.2000,gateway-service:0.9057;order-service:0.0000;inventory-service:0.0000;payment-service:0.0000;notification-service:0.0000
LIN-LAT-TIM-T30-W20-D5,LINEAR,LATENCY,TIME_BASED,30,20,5,5,LOCAL,full,3,2026-07-26T22:42:25Z,0.2000,6.676,40.831,0.9057,0.8934,0.2000,gateway-service:0.9057;order-service:0.0000;inventory-service:0.0000;payment-service:0.0000;notification-service:0.0000
LIN-LAT-CNT-T30-W20-D15,LINEAR,LATENCY,COUNT_BASED,30,20,15,5,LOCAL,full,1,2026-07-26T22:43:44Z,0.2000,6.356,16.84,0.8333,0.8423,0.2000,gateway-service:0.8333;order-service:0.0000;inventory-service:0.0000;payment-service:0.0000;notification-service:0.0000
LIN-LAT-CNT-T30-W20-D15,LINEAR,LATENCY,COUNT_BASED,30,20,15,5,LOCAL,full,2,2026-07-26T22:44:58Z,0.2000,6.324,16.674,0.8333,0.8127,0.2000,gateway-service:0.8333;order-service:0.0000;inventory-service:0.0000;payment-service:0.0000;notification-service:0.0000
LIN-LAT-CNT-T30-W20-D15,LINEAR,LATENCY,COUNT_BASED,30,20,15,5,LOCAL,full,3,2026-07-26T22:46:05Z,0.0000,,,1.0000,1.0000,1.0000,gateway-service:1.0000
LIN-LAT-TIM-T30-W20-D15,LINEAR,LATENCY,TIME_BASED,30,20,15,5,LOCAL,full,1,2026-07-26T22:47:55Z,0.2000,6.595,53.475,0.9489,0.9487,0.2000,gateway-service:0.9489;order-service:0.0000;inventory-service:0.0000;payment-service:0.0000;notification-service:0.0000
LIN-LAT-TIM-T30-W20-D15,LINEAR,LATENCY,TIME_BASED,30,20,15,5,LOCAL,full,2,2026-07-26T22:49:53Z,0.2000,6.72,53.7,0.9489,0.9570,0.2000,gateway-service:0.9489;order-service:0.0000;inventory-service:0.0000;payment-service:0.0000;notification-service:0.0000
LIN-LAT-TIM-T30-W20-D15,LINEAR,LATENCY,TIME_BASED,30,20,15,5,LOCAL,full,3,2026-07-26T22:51:49Z,0.2000,6.746,53.62,0.9489,0.9579,0.2000,gateway-service:0.9489;order-service:0.0000;inventory-service:0.0000;payment-service:0.0000;notification-service:0.0000
LIN-LAT-CNT-T30-W20-D30,LINEAR,LATENCY,COUNT_BASED,30,20,30,5,LOCAL,full,1,2026-07-26T22:53:27Z,0.2000,6.317,31.688,0.8333,0.8419,0.2000,gateway-service:0.8333;order-service:0.0000;inventory-service:0.0000;payment-service:0.0000;notification-service:0.0000
LIN-LAT-CNT-T30-W20-D30,LINEAR,LATENCY,COUNT_BASED,30,20,30,5,LOCAL,full,2,2026-07-26T22:54:39Z,0.0000,,,1.0000,1.0000,1.0000,gateway-service:1.0000
LIN-LAT-CNT-T30-W20-D30,LINEAR,LATENCY,COUNT_BASED,30,20,30,5,LOCAL,full,3,2026-07-26T22:55:53Z,0.0000,,,1.0000,1.0000,1.0000,gateway-service:1.0000
LIN-LAT-TIM-T30-W20-D30,LINEAR,LATENCY,TIME_BASED,30,20,30,5,LOCAL,full,1,2026-07-26T22:58:02Z,0.2000,6.534,65.191,0.9700,0.9797,0.2000,gateway-service:0.9700;order-service:0.0000;inventory-service:0.0000;payment-service:0.0000;notification-service:0.0000
LIN-LAT-TIM-T30-W20-D30,LINEAR,LATENCY,TIME_BASED,30,20,30,5,LOCAL,full,2,2026-07-26T23:00:09Z,0.2000,6.681,64.912,0.9700,0.9737,0.2000,gateway-service:0.9700;order-service:0.0000;inventory-service:0.0000;payment-service:0.0000;notification-service:0.0000
LIN-LAT-TIM-T30-W20-D30,LINEAR,LATENCY,TIME_BASED,30,20,30,5,LOCAL,full,3,2026-07-26T23:02:36Z,0.2000,32.658,65.153,0.9833,0.9405,0.2000,gateway-service:0.9833;order-service:0.0000;inventory-service:0.0000;payment-service:0.0000;notification-service:0.0000
LIN-LAT-CNT-T50-W5-D5,LINEAR,LATENCY,COUNT_BASED,50,5,5,5,LOCAL,full,1,2026-07-26T23:03:43Z,0.2000,3.536,6.787,0.8250,0.8615,0.2000,gateway-service:0.8250;order-service:0.0000;inventory-service:0.0000;payment-service:0.0000;notification-service:0.0000
LIN-LAT-CNT-T50-W5-D5,LINEAR,LATENCY,COUNT_BASED,50,5,5,5,LOCAL,full,2,2026-07-26T23:04:55Z,0.2000,3.388,6.826,0.8250,0.8436,0.2000,gateway-service:0.8250;order-service:0.0000;inventory-service:0.0000;payment-service:0.0000;notification-service:0.0000
LIN-LAT-CNT-T50-W5-D5,LINEAR,LATENCY,COUNT_BASED,50,5,5,5,LOCAL,full,3,2026-07-26T23:06:06Z,0.2000,3.54,6.723,0.8250,0.8776,0.2000,gateway-service:0.8250;order-service:0.0000;inventory-service:0.0000;payment-service:0.0000;notification-service:0.0000
LIN-LAT-TIM-T50-W5-D5,LINEAR,LATENCY,TIME_BASED,50,5,5,5,LOCAL,full,1,2026-07-26T23:07:37Z,0.2000,6.254,23.326,0.9000,0.9181,0.2000,gateway-service:0.9000;order-service:0.0000;inventory-service:0.0000;payment-service:0.0000;notification-service:0.0000
LIN-LAT-TIM-T50-W5-D5,LINEAR,LATENCY,TIME_BASED,50,5,5,5,LOCAL,full,2,2026-07-26T23:09:06Z,0.2000,6.357,23.294,0.9000,0.8898,0.2000,gateway-service:0.9000;order-service:0.0000;inventory-service:0.0000;payment-service:0.0000;notification-service:0.0000
LIN-LAT-TIM-T50-W5-D5,LINEAR,LATENCY,TIME_BASED,50,5,5,5,LOCAL,full,3,2026-07-26T23:10:35Z,0.2000,6.339,24.215,0.9000,0.9271,0.2000,gateway-service:0.9000;order-service:0.0000;inventory-service:0.0000;payment-service:0.0000;notification-service:0.0000
LIN-LAT-CNT-T50-W5-D15,LINEAR,LATENCY,COUNT_BASED,50,5,15,5,LOCAL,full,1,2026-07-26T23:11:55Z,0.2000,3.532,16.798,0.8250,0.9001,0.2000,gateway-service:0.8250;order-service:0.0000;inventory-service:0.0000;payment-service:0.0000;notification-service:0.0000
LIN-LAT-CNT-T50-W5-D15,LINEAR,LATENCY,COUNT_BASED,50,5,15,5,LOCAL,full,2,2026-07-26T23:13:11Z,0.2000,3.477,17.105,0.8250,0.9041,0.2000,gateway-service:0.8250;order-service:0.0000;inventory-service:0.0000;payment-service:0.0000;notification-service:0.0000
LIN-LAT-CNT-T50-W5-D15,LINEAR,LATENCY,COUNT_BASED,50,5,15,5,LOCAL,full,3,2026-07-26T23:14:20Z,0.2000,3.447,16.849,0.8250,0.8934,0.2000,gateway-service:0.8250;order-service:0.0000;inventory-service:0.0000;payment-service:0.0000;notification-service:0.0000
LIN-LAT-TIM-T50-W5-D15,LINEAR,LATENCY,TIME_BASED,50,5,15,5,LOCAL,full,1,2026-07-26T23:15:54Z,0.2000,0.291,38.521,0.9767,0.9014,0.2000,gateway-service:0.9767;order-service:0.0000;inventory-service:0.0000;payment-service:0.0000;notification-service:0.0000
LIN-LAT-TIM-T50-W5-D15,LINEAR,LATENCY,TIME_BASED,50,5,15,5,LOCAL,full,2,2026-07-26T23:17:26Z,0.2000,17.585,21.316,0.9767,0.9080,0.2000,gateway-service:0.9767;order-service:0.0000;inventory-service:0.0000;payment-service:0.0000;notification-service:0.0000
LIN-LAT-TIM-T50-W5-D15,LINEAR,LATENCY,TIME_BASED,50,5,15,5,LOCAL,full,3,2026-07-26T23:19:02Z,0.2000,3.779,35.338,0.9533,0.9518,0.2000,gateway-service:0.9533;order-service:0.0000;inventory-service:0.0000;payment-service:0.0000;notification-service:0.0000
LIN-LAT-CNT-T50-W5-D30,LINEAR,LATENCY,COUNT_BASED,50,5,30,5,LOCAL,full,1,2026-07-26T23:20:26Z,0.2000,3.376,31.205,0.8250,0.9081,0.2000,gateway-service:0.8250;order-service:0.0000;inventory-service:0.0000;payment-service:0.0000;notification-service:0.0000
LIN-LAT-CNT-T50-W5-D30,LINEAR,LATENCY,COUNT_BASED,50,5,30,5,LOCAL,full,2,2026-07-26T23:21:55Z,0.2000,3.639,31.903,0.8250,0.8781,0.2000,gateway-service:0.8250;order-service:0.0000;inventory-service:0.0000;payment-service:0.0000;notification-service:0.0000
LIN-LAT-CNT-T50-W5-D30,LINEAR,LATENCY,COUNT_BASED,50,5,30,5,LOCAL,full,3,2026-07-26T23:23:26Z,0.2000,3.473,31.224,0.8250,0.8935,0.2000,gateway-service:0.8250;order-service:0.0000;inventory-service:0.0000;payment-service:0.0000;notification-service:0.0000
LIN-LAT-TIM-T50-W5-D30,LINEAR,LATENCY,TIME_BASED,50,5,30,5,LOCAL,full,1,2026-07-26T23:25:28Z,0.2000,3.382,65.275,0.9733,0.9804,0.2000,gateway-service:0.9733;order-service:0.0000;inventory-service:0.0000;payment-service:0.0000;notification-service:0.0000
LIN-LAT-TIM-T50-W5-D30,LINEAR,LATENCY,TIME_BASED,50,5,30,5,LOCAL,full,2,2026-07-26T23:27:31Z,0.2000,3.694,65.014,0.9689,0.9748,0.2000,gateway-service:0.9689;order-service:0.0000;inventory-service:0.0000;payment-service:0.0000;notification-service:0.0000
LIN-LAT-TIM-T50-W5-D30,LINEAR,LATENCY,TIME_BASED,50,5,30,5,LOCAL,full,3,2026-07-26T23:29:36Z,0.2000,6.511,65.298,0.9667,0.9609,0.2000,gateway-service:0.9667;order-service:0.0000;inventory-service:0.0000;payment-service:0.0000;notification-service:0.0000
LIN-LAT-CNT-T50-W10-D5,LINEAR,LATENCY,COUNT_BASED,50,10,5,5,LOCAL,full,1,2026-07-26T23:30:42Z,0.2000,3.641,6.959,0.7750,0.8564,0.2000,gateway-service:0.7750;order-service:0.0000;inventory-service:0.0000;payment-service:0.0000;notification-service:0.0000
LIN-LAT-CNT-T50-W10-D5,LINEAR,LATENCY,COUNT_BASED,50,10,5,5,LOCAL,full,2,2026-07-26T23:31:47Z,0.2000,3.789,6.803,0.7750,0.8792,0.2000,gateway-service:0.7750;order-service:0.0000;inventory-service:0.0000;payment-service:0.0000;notification-service:0.0000
LIN-LAT-CNT-T50-W10-D5,LINEAR,LATENCY,COUNT_BASED,50,10,5,5,LOCAL,full,3,2026-07-26T23:32:52Z,0.2000,3.634,6.928,0.7750,0.8636,0.2000,gateway-service:0.7750;order-service:0.0000;inventory-service:0.0000;payment-service:0.0000;notification-service:0.0000
LIN-LAT-TIM-T50-W10-D5,LINEAR,LATENCY,TIME_BASED,50,10,5,5,LOCAL,full,1,2026-07-26T23:34:14Z,0.2000,9.73,23.675,0.9000,0.8765,0.2000,gateway-service:0.9000;order-service:0.0000;inventory-service:0.0000;payment-service:0.0000;notification-service:0.0000
LIN-LAT-TIM-T50-W10-D5,LINEAR,LATENCY,TIME_BASED,50,10,5,5,LOCAL,full,2,2026-07-26T23:35:42Z,0.2000,9.607,23.912,0.9000,0.9172,0.2000,gateway-service:0.9000;order-service:0.0000;inventory-service:0.0000;payment-service:0.0000;notification-service:0.0000
LIN-LAT-TIM-T50-W10-D5,LINEAR,LATENCY,TIME_BASED,50,10,5,5,LOCAL,full,3,2026-07-26T23:37:08Z,0.2000,15.9,15.393,0.9400,0.7252,0.2000,gateway-service:0.9400;order-service:0.0000;inventory-service:0.0000;payment-service:0.0000;notification-service:0.0000
LIN-LAT-CNT-T50-W10-D15,LINEAR,LATENCY,COUNT_BASED,50,10,15,5,LOCAL,full,1,2026-07-26T23:38:23Z,0.2000,3.668,16.808,0.7750,0.8643,0.2000,gateway-service:0.7750;order-service:0.0000;inventory-service:0.0000;payment-service:0.0000;notification-service:0.0000
LIN-LAT-CNT-T50-W10-D15,LINEAR,LATENCY,COUNT_BASED,50,10,15,5,LOCAL,full,2,2026-07-26T23:39:39Z,0.2000,3.63,16.725,0.7750,0.8292,0.2000,gateway-service:0.7750;order-service:0.0000;inventory-service:0.0000;payment-service:0.0000;notification-service:0.0000
LIN-LAT-CNT-T50-W10-D15,LINEAR,LATENCY,COUNT_BASED,50,10,15,5,LOCAL,full,3,2026-07-26T23:40:56Z,0.2000,3.732,16.855,0.7750,0.8714,0.2000,gateway-service:0.7750;order-service:0.0000;inventory-service:0.0000;payment-service:0.0000;notification-service:0.0000
LIN-LAT-TIM-T50-W10-D15,LINEAR,LATENCY,TIME_BASED,50,10,15,5,LOCAL,full,1,2026-07-26T23:42:44Z,0.2000,17.656,35.609,0.9714,0.8963,0.2000,gateway-service:0.9714;order-service:0.0000;inventory-service:0.0000;payment-service:0.0000;notification-service:0.0000
LIN-LAT-TIM-T50-W10-D15,LINEAR,LATENCY,TIME_BASED,50,10,15,5,LOCAL,full,2,2026-07-26T23:44:23Z,0.2000,9.525,34.998,0.9429,0.9411,0.2000,gateway-service:0.9429;order-service:0.0000;inventory-service:0.0000;payment-service:0.0000;notification-service:0.0000
LIN-LAT-TIM-T50-W10-D15,LINEAR,LATENCY,TIME_BASED,50,10,15,5,LOCAL,full,3,2026-07-26T23:46:01Z,0.2000,9.342,35.083,0.9429,0.9506,0.2000,gateway-service:0.9429;order-service:0.0000;inventory-service:0.0000;payment-service:0.0000;notification-service:0.0000
LIN-LAT-CNT-T50-W10-D30,LINEAR,LATENCY,COUNT_BASED,50,10,30,5,LOCAL,full,1,2026-07-26T23:47:32Z,0.2000,3.719,32.012,0.7750,0.8276,0.2000,gateway-service:0.7750;order-service:0.0000;inventory-service:0.0000;payment-service:0.0000;notification-service:0.0000
LIN-LAT-CNT-T50-W10-D30,LINEAR,LATENCY,COUNT_BASED,50,10,30,5,LOCAL,full,2,2026-07-26T23:49:01Z,0.2000,3.637,31.424,0.7750,0.8099,0.2000,gateway-service:0.7750;order-service:0.0000;inventory-service:0.0000;payment-service:0.0000;notification-service:0.0000
LIN-LAT-CNT-T50-W10-D30,LINEAR,LATENCY,COUNT_BASED,50,10,30,5,LOCAL,full,3,2026-07-26T23:50:32Z,0.2000,3.672,31.497,0.7750,0.8572,0.2000,gateway-service:0.7750;order-service:0.0000;inventory-service:0.0000;payment-service:0.0000;notification-service:0.0000
LIN-LAT-TIM-T50-W10-D30,LINEAR,LATENCY,TIME_BASED,50,10,30,5,LOCAL,full,1,2026-07-26T23:52:44Z,0.2000,9.495,65.527,0.9600,0.9516,0.2000,gateway-service:0.9600;order-service:0.0000;inventory-service:0.0000;payment-service:0.0000;notification-service:0.0000
LIN-LAT-TIM-T50-W10-D30,LINEAR,LATENCY,TIME_BASED,50,10,30,5,LOCAL,full,2,2026-07-26T23:54:50Z,0.2000,9.598,64.583,0.9600,0.9635,0.2000,gateway-service:0.9600;order-service:0.0000;inventory-service:0.0000;payment-service:0.0000;notification-service:0.0000
LIN-LAT-TIM-T50-W10-D30,LINEAR,LATENCY,TIME_BASED,50,10,30,5,LOCAL,full,3,2026-07-26T23:57:01Z,0.2000,9.5,65.718,0.9600,0.9577,0.2000,gateway-service:0.9600;order-service:0.0000;inventory-service:0.0000;payment-service:0.0000;notification-service:0.0000
LIN-LAT-CNT-T50-W20-D5,LINEAR,LATENCY,COUNT_BASED,50,20,5,5,LOCAL,full,1,2026-07-26T23:58:11Z,0.2000,6.682,7.025,0.7667,0.8590,0.2000,gateway-service:0.7667;order-service:0.0000;inventory-service:0.0000;payment-service:0.0000;notification-service:0.0000
LIN-LAT-CNT-T50-W20-D5,LINEAR,LATENCY,COUNT_BASED,50,20,5,5,LOCAL,full,2,2026-07-26T23:59:21Z,0.2000,6.661,7.122,0.7667,0.8588,0.2000,gateway-service:0.7667;order-service:0.0000;inventory-service:0.0000;payment-service:0.0000;notification-service:0.0000
LIN-LAT-CNT-T50-W20-D5,LINEAR,LATENCY,COUNT_BASED,50,20,5,5,LOCAL,full,3,2026-07-27T00:00:33Z,0.0000,,,0.9167,0.7421,0.2000,gateway-service:0.9167;order-service:0.0000;inventory-service:0.0000;payment-service:0.0000;notification-service:0.0000
LIN-LAT-TIM-T50-W20-D5,LINEAR,LATENCY,TIME_BASED,50,20,5,5,LOCAL,full,1,2026-07-27T00:02:15Z,0.2000,12.938,31.641,0.8886,0.8816,0.2000,gateway-service:0.8886;order-service:0.0000;inventory-service:0.0000;payment-service:0.0000;notification-service:0.0000
LIN-LAT-TIM-T50-W20-D5,LINEAR,LATENCY,TIME_BASED,50,20,5,5,LOCAL,full,2,2026-07-27T00:03:57Z,0.2000,12.972,32.695,0.8886,0.8816,0.2000,gateway-service:0.8886;order-service:0.0000;inventory-service:0.0000;payment-service:0.0000;notification-service:0.0000
LIN-LAT-TIM-T50-W20-D5,LINEAR,LATENCY,TIME_BASED,50,20,5,5,LOCAL,full,3,2026-07-27T00:05:36Z,0.2000,12.98,32.747,0.8886,0.9025,0.2000,gateway-service:0.8886;order-service:0.0000;inventory-service:0.0000;payment-service:0.0000;notification-service:0.0000
LIN-LAT-CNT-T50-W20-D15,LINEAR,LATENCY,COUNT_BASED,50,20,15,5,LOCAL,full,1,2026-07-27T00:06:55Z,0.2000,6.918,16.542,0.7667,0.8384,0.2000,gateway-service:0.7667;order-service:0.0000;inventory-service:0.0000;payment-service:0.0000;notification-service:0.0000
LIN-LAT-CNT-T50-W20-D15,LINEAR,LATENCY,COUNT_BASED,50,20,15,5,LOCAL,full,2,2026-07-27T00:08:12Z,0.2000,6.73,16.762,0.7667,0.8772,0.2000,gateway-service:0.7667;order-service:0.0000;inventory-service:0.0000;payment-service:0.0000;notification-service:0.0000
LIN-LAT-CNT-T50-W20-D15,LINEAR,LATENCY,COUNT_BASED,50,20,15,5,LOCAL,full,3,2026-07-27T00:09:24Z,0.2000,6.703,16.729,0.7667,0.8505,0.2000,gateway-service:0.7667;order-service:0.0000;inventory-service:0.0000;payment-service:0.0000;notification-service:0.0000
LIN-LAT-TIM-T50-W20-D15,LINEAR,LATENCY,TIME_BASED,50,20,15,5,LOCAL,full,1,2026-07-27T00:11:25Z,0.2000,13.067,53.729,0.9244,0.9326,0.2000,gateway-service:0.9244;order-service:0.0000;inventory-service:0.0000;payment-service:0.0000;notification-service:0.0000
LIN-LAT-TIM-T50-W20-D15,LINEAR,LATENCY,TIME_BASED,50,20,15,5,LOCAL,full,2,2026-07-27T00:13:25Z,0.2000,13.094,53.811,0.9244,0.9135,0.2000,gateway-service:0.9244;order-service:0.0000;inventory-service:0.0000;payment-service:0.0000;notification-service:0.0000
LIN-LAT-TIM-T50-W20-D15,LINEAR,LATENCY,TIME_BASED,50,20,15,5,LOCAL,full,3,2026-07-27T00:15:28Z,0.2000,12.995,53.909,0.9244,0.9502,0.2000,gateway-service:0.9244;order-service:0.0000;inventory-service:0.0000;payment-service:0.0000;notification-service:0.0000
LIN-LAT-CNT-T50-W20-D30,LINEAR,LATENCY,COUNT_BASED,50,20,30,5,LOCAL,full,1,2026-07-27T00:16:56Z,0.2000,6.857,32.107,0.7667,0.8602,0.2000,gateway-service:0.7667;order-service:0.0000;inventory-service:0.0000;payment-service:0.0000;notification-service:0.0000
LIN-LAT-CNT-T50-W20-D30,LINEAR,LATENCY,COUNT_BASED,50,20,30,5,LOCAL,full,2,2026-07-27T00:18:30Z,0.2000,6.912,32.029,0.7667,0.8442,0.2000,gateway-service:0.7667;order-service:0.0000;inventory-service:0.0000;payment-service:0.0000;notification-service:0.0000
LIN-LAT-CNT-T50-W20-D30,LINEAR,LATENCY,COUNT_BASED,50,20,30,5,LOCAL,full,3,2026-07-27T00:20:03Z,0.2000,6.776,32.167,0.7667,0.8971,0.2000,gateway-service:0.7667;order-service:0.0000;inventory-service:0.0000;payment-service:0.0000;notification-service:0.0000
LIN-LAT-TIM-T50-W20-D30,LINEAR,LATENCY,TIME_BASED,50,20,30,5,LOCAL,full,1,2026-07-27T00:22:17Z,0.2000,13.043,65.363,0.9517,0.9648,0.2000,gateway-service:0.9517;order-service:0.0000;inventory-service:0.0000;payment-service:0.0000;notification-service:0.0000
LIN-LAT-TIM-T50-W20-D30,LINEAR,LATENCY,TIME_BASED,50,20,30,5,LOCAL,full,2,2026-07-27T00:24:31Z,0.2000,13.09,65.111,0.9517,0.9479,0.2000,gateway-service:0.9517;order-service:0.0000;inventory-service:0.0000;payment-service:0.0000;notification-service:0.0000
LIN-LAT-TIM-T50-W20-D30,LINEAR,LATENCY,TIME_BASED,50,20,30,5,LOCAL,full,3,2026-07-27T00:26:45Z,0.2000,12.911,65.64,0.9517,0.9613,0.2000,gateway-service:0.9517;order-service:0.0000;inventory-service:0.0000;payment-service:0.0000;notification-service:0.0000
LIN-LAT-CNT-T70-W5-D5,LINEAR,LATENCY,COUNT_BASED,70,5,5,5,LOCAL,full,1,2026-07-27T00:27:48Z,0.2000,3.68,6.824,0.8000,0.8809,0.2000,gateway-service:0.8000;order-service:0.0000;inventory-service:0.0000;payment-service:0.0000;notification-service:0.0000
LIN-LAT-CNT-T70-W5-D5,LINEAR,LATENCY,COUNT_BASED,70,5,5,5,LOCAL,full,2,2026-07-27T00:28:51Z,0.2000,3.702,6.619,0.8000,0.8758,0.2000,gateway-service:0.8000;order-service:0.0000;inventory-service:0.0000;payment-service:0.0000;notification-service:0.0000
LIN-LAT-CNT-T70-W5-D5,LINEAR,LATENCY,COUNT_BASED,70,5,5,5,LOCAL,full,3,2026-07-27T00:29:51Z,0.2000,3.561,6.897,0.8000,0.7896,0.2000,gateway-service:0.8000;order-service:0.0000;inventory-service:0.0000;payment-service:0.0000;notification-service:0.0000
LIN-LAT-TIM-T70-W5-D5,LINEAR,LATENCY,TIME_BASED,70,5,5,5,LOCAL,full,1,2026-07-27T00:31:15Z,0.2000,3.592,24.508,0.9050,0.9375,0.2000,gateway-service:0.9050;order-service:0.2206;inventory-service:0.0000;payment-service:0.0000;notification-service:0.0000
LIN-LAT-TIM-T70-W5-D5,LINEAR,LATENCY,TIME_BASED,70,5,5,5,LOCAL,full,2,2026-07-27T00:32:40Z,0.2000,6.383,24.156,0.9000,0.9292,0.2000,gateway-service:0.9000;order-service:0.0000;inventory-service:0.0000;payment-service:0.0000;notification-service:0.0000
LIN-LAT-TIM-T70-W5-D5,LINEAR,LATENCY,TIME_BASED,70,5,5,5,LOCAL,full,3,2026-07-27T00:34:02Z,0.2000,3.751,24.293,0.9050,0.8981,0.2000,gateway-service:0.9050;order-service:0.0000;inventory-service:0.0000;payment-service:0.0000;notification-service:0.0000
LIN-LAT-CNT-T70-W5-D15,LINEAR,LATENCY,COUNT_BASED,70,5,15,5,LOCAL,full,1,2026-07-27T00:35:18Z,0.2000,3.607,16.807,0.8000,0.8951,0.2000,gateway-service:0.8000;order-service:0.0000;inventory-service:0.0000;payment-service:0.0000;notification-service:0.0000
LIN-LAT-CNT-T70-W5-D15,LINEAR,LATENCY,COUNT_BASED,70,5,15,5,LOCAL,full,2,2026-07-27T00:36:34Z,0.2000,3.669,16.645,0.8000,0.8950,0.2000,gateway-service:0.8000;order-service:0.0000;inventory-service:0.0000;payment-service:0.0000;notification-service:0.0000
LIN-LAT-CNT-T70-W5-D15,LINEAR,LATENCY,COUNT_BASED,70,5,15,5,LOCAL,full,3,2026-07-27T00:37:44Z,0.2000,3.68,16.658,0.8000,0.8796,0.2000,gateway-service:0.8000;order-service:0.0000;inventory-service:0.0000;payment-service:0.0000;notification-service:0.0000
LIN-LAT-TIM-T70-W5-D15,LINEAR,LATENCY,TIME_BASED,70,5,15,5,LOCAL,full,1,2026-07-27T00:39:18Z,0.2000,3.677,35.445,0.9533,0.9646,0.2000,gateway-service:0.9533;order-service:0.0000;inventory-service:0.0000;payment-service:0.0000;notification-service:0.0000
LIN-LAT-TIM-T70-W5-D15,LINEAR,LATENCY,TIME_BASED,70,5,15,5,LOCAL,full,2,2026-07-27T00:40:56Z,0.2000,6.24,35.0,0.9500,0.9560,0.2000,gateway-service:0.9500;order-service:0.0000;inventory-service:0.0000;payment-service:0.0000;notification-service:0.0000
LIN-LAT-TIM-T70-W5-D15,LINEAR,LATENCY,TIME_BASED,70,5,15,5,LOCAL,full,3,2026-07-27T00:42:32Z,0.2000,6.467,35.068,0.9500,0.9588,0.2000,gateway-service:0.9500;order-service:0.0000;inventory-service:0.0000;payment-service:0.0000;notification-service:0.0000
LIN-LAT-CNT-T70-W5-D30,LINEAR,LATENCY,COUNT_BASED,70,5,30,5,LOCAL,full,1,2026-07-27T00:44:25Z,0.2000,3.668,31.538,0.8000,0.8598,0.2000,gateway-service:0.8000;order-service:0.0000;inventory-service:0.0000;payment-service:0.0000;notification-service:0.0000
LIN-LAT-CNT-T70-W5-D30,LINEAR,LATENCY,COUNT_BASED,70,5,30,5,LOCAL,full,2,2026-07-27T00:46:18Z,0.2000,3.618,31.83,0.8000,0.8216,0.2000,gateway-service:0.8000;order-service:0.0000;inventory-service:0.0000;payment-service:0.0000;notification-service:0.0000
LIN-LAT-CNT-T70-W5-D30,LINEAR,LATENCY,COUNT_BASED,70,5,30,5,LOCAL,full,3,2026-07-27T00:48:07Z,0.2000,3.604,31.697,0.8000,0.8300,0.2000,gateway-service:0.8000;order-service:0.0000;inventory-service:0.0000;payment-service:0.0000;notification-service:0.0000
LIN-LAT-TIM-T70-W5-D30,LINEAR,LATENCY,TIME_BASED,70,5,30,5,LOCAL,full,1,2026-07-27T00:50:31Z,0.2000,3.837,65.155,0.9689,0.9673,0.2000,gateway-service:0.9689;order-service:0.0000;inventory-service:0.0000;payment-service:0.0000;notification-service:0.0000
LIN-LAT-TIM-T70-W5-D30,LINEAR,LATENCY,TIME_BASED,70,5,30,5,LOCAL,full,2,2026-07-27T00:52:55Z,0.2000,3.77,65.142,0.9689,0.9630,0.2000,gateway-service:0.9689;order-service:0.0000;inventory-service:0.0000;payment-service:0.0000;notification-service:0.0000
LIN-LAT-TIM-T70-W5-D30,LINEAR,LATENCY,TIME_BASED,70,5,30,5,LOCAL,full,3,2026-07-27T00:55:18Z,0.2000,3.695,65.282,0.9689,0.9555,0.2000,gateway-service:0.9689;order-service:0.0000;inventory-service:0.0000;payment-service:0.0000;notification-service:0.0000
LIN-LAT-CNT-T70-W10-D5,LINEAR,LATENCY,COUNT_BASED,70,10,5,5,LOCAL,full,1,2026-07-27T00:56:45Z,0.2000,6.592,6.992,0.7250,0.8448,0.2000,gateway-service:0.7250;order-service:0.0000;inventory-service:0.0000;payment-service:0.0000;notification-service:0.0000
LIN-LAT-CNT-T70-W10-D5,LINEAR,LATENCY,COUNT_BASED,70,10,5,5,LOCAL,full,2,2026-07-27T00:58:13Z,0.2000,6.665,7.023,0.7250,0.8570,0.2000,gateway-service:0.7250;order-service:0.0000;inventory-service:0.0000;payment-service:0.0000;notification-service:0.0000
LIN-LAT-CNT-T70-W10-D5,LINEAR,LATENCY,COUNT_BASED,70,10,5,5,LOCAL,full,3,2026-07-27T00:59:42Z,0.2000,6.501,7.072,0.7250,0.8570,0.2000,gateway-service:0.7250;order-service:0.0000;inventory-service:0.0000;payment-service:0.0000;notification-service:0.0000
LIN-LAT-TIM-T70-W10-D5,LINEAR,LATENCY,TIME_BASED,70,10,5,5,LOCAL,full,1,2026-07-27T01:01:29Z,0.2000,9.471,24.179,0.9000,0.8693,0.2000,gateway-service:0.9000;order-service:0.0000;inventory-service:0.0000;payment-service:0.0000;notification-service:0.0000
LIN-LAT-TIM-T70-W10-D5,LINEAR,LATENCY,TIME_BASED,70,10,5,5,LOCAL,full,2,2026-07-27T01:03:17Z,0.2000,9.614,23.992,0.9000,0.8860,0.2000,gateway-service:0.9000;order-service:0.0000;inventory-service:0.0000;payment-service:0.0000;notification-service:0.0000
LIN-LAT-TIM-T70-W10-D5,LINEAR,LATENCY,TIME_BASED,70,10,5,5,LOCAL,full,3,2026-07-27T01:05:06Z,0.2000,9.699,23.924,0.9000,0.8820,0.2000,gateway-service:0.9000;order-service:0.0000;inventory-service:0.0000;payment-service:0.0000;notification-service:0.0000
LIN-LAT-CNT-T70-W10-D15,LINEAR,LATENCY,COUNT_BASED,70,10,15,5,LOCAL,full,1,2026-07-27T01:06:45Z,0.2000,6.453,17.369,0.7250,0.8564,0.2000,gateway-service:0.7250;order-service:0.0000;inventory-service:0.0000;payment-service:0.0000;notification-service:0.0000
LIN-LAT-CNT-T70-W10-D15,LINEAR,LATENCY,COUNT_BASED,70,10,15,5,LOCAL,full,2,2026-07-27T01:08:26Z,0.2000,6.536,17.213,0.7250,0.8704,0.2000,gateway-service:0.7250;order-service:0.0000;inventory-service:0.0000;payment-service:0.0000;notification-service:0.0000
LIN-LAT-CNT-T70-W10-D15,LINEAR,LATENCY,COUNT_BASED,70,10,15,5,LOCAL,full,3,2026-07-27T01:10:04Z,0.2000,6.425,17.204,0.7250,0.8286,0.2000,gateway-service:0.7250;order-service:0.0000;inventory-service:0.0000;payment-service:0.0000;notification-service:0.0000
LIN-LAT-TIM-T70-W10-D15,LINEAR,LATENCY,TIME_BASED,70,10,15,5,LOCAL,full,1,2026-07-27T01:12:03Z,0.2000,9.532,35.06,0.9429,0.9287,0.2000,gateway-service:0.9429;order-service:0.0000;inventory-service:0.0000;payment-service:0.0000;notification-service:0.0000
LIN-LAT-TIM-T70-W10-D15,LINEAR,LATENCY,TIME_BASED,70,10,15,5,LOCAL,full,2,2026-07-27T01:14:00Z,0.2000,9.594,35.075,0.9429,0.9151,0.2000,gateway-service:0.9429;order-service:0.0000;inventory-service:0.0000;payment-service:0.0000;notification-service:0.0000
LIN-LAT-TIM-T70-W10-D15,LINEAR,LATENCY,TIME_BASED,70,10,15,5,LOCAL,full,3,2026-07-27T01:16:03Z,0.2000,9.561,35.128,0.9429,0.9348,0.2000,gateway-service:0.9429;order-service:0.0000;inventory-service:0.0000;payment-service:0.0000;notification-service:0.0000
LIN-LAT-CNT-T70-W10-D30,LINEAR,LATENCY,COUNT_BASED,70,10,30,5,LOCAL,full,1,2026-07-27T01:17:55Z,0.2000,6.713,31.44,0.7250,0.8671,0.2000,gateway-service:0.7250;order-service:0.0000;inventory-service:0.0000;payment-service:0.0000;notification-service:0.0000
LIN-LAT-CNT-T70-W10-D30,LINEAR,LATENCY,COUNT_BASED,70,10,30,5,LOCAL,full,2,2026-07-27T01:19:51Z,0.2000,6.484,31.735,0.7250,0.8662,0.2000,gateway-service:0.7250;order-service:0.0000;inventory-service:0.0000;payment-service:0.0000;notification-service:0.0000
LIN-LAT-CNT-T70-W10-D30,LINEAR,LATENCY,COUNT_BASED,70,10,30,5,LOCAL,full,3,2026-07-27T01:21:45Z,0.2000,6.556,31.633,0.7250,0.8724,0.2000,gateway-service:0.7250;order-service:0.0000;inventory-service:0.0000;payment-service:0.0000;notification-service:0.0000
LIN-LAT-TIM-T70-W10-D30,LINEAR,LATENCY,TIME_BASED,70,10,30,5,LOCAL,full,1,2026-07-27T01:24:14Z,0.2000,9.472,64.868,0.9600,0.9228,0.2000,gateway-service:0.9600;order-service:0.0000;inventory-service:0.0000;payment-service:0.0000;notification-service:0.0000
LIN-LAT-TIM-T70-W10-D30,LINEAR,LATENCY,TIME_BASED,70,10,30,5,LOCAL,full,2,2026-07-27T01:26:44Z,0.2000,9.562,64.802,0.9600,0.9523,0.2000,gateway-service:0.9600;order-service:0.0000;inventory-service:0.0000;payment-service:0.0000;notification-service:0.0000
LIN-LAT-TIM-T70-W10-D30,LINEAR,LATENCY,TIME_BASED,70,10,30,5,LOCAL,full,3,2026-07-27T01:29:11Z,0.2000,9.657,64.89,0.9600,0.9460,0.2000,gateway-service:0.9600;order-service:0.0000;inventory-service:0.0000;payment-service:0.0000;notification-service:0.0000
LIN-LAT-CNT-T70-W20-D5,LINEAR,LATENCY,COUNT_BASED,70,20,5,5,LOCAL,full,1,2026-07-27T01:30:44Z,0.2000,9.973,6.852,0.7000,0.8389,0.2000,gateway-service:0.7000;order-service:0.0000;inventory-service:0.0000;payment-service:0.0000;notification-service:0.0000
LIN-LAT-CNT-T70-W20-D5,LINEAR,LATENCY,COUNT_BASED,70,20,5,5,LOCAL,full,2,2026-07-27T01:32:18Z,0.2000,9.772,6.998,0.7000,0.8407,0.2000,gateway-service:0.7000;order-service:0.0000;inventory-service:0.0000;payment-service:0.0000;notification-service:0.0000
LIN-LAT-CNT-T70-W20-D5,LINEAR,LATENCY,COUNT_BASED,70,20,5,5,LOCAL,full,3,2026-07-27T01:33:51Z,0.2000,9.758,7.272,0.7000,0.8039,0.2000,gateway-service:0.7000;order-service:0.0000;inventory-service:0.0000;payment-service:0.0000;notification-service:0.0000
LIN-LAT-TIM-T70-W20-D5,LINEAR,LATENCY,TIME_BASED,70,20,5,5,LOCAL,full,1,2026-07-27T01:35:48Z,0.2000,19.147,23.258,0.8857,0.8709,0.2000,gateway-service:0.8857;order-service:0.0000;inventory-service:0.0000;payment-service:0.0000;notification-service:0.0000
LIN-LAT-TIM-T70-W20-D5,LINEAR,LATENCY,TIME_BASED,70,20,5,5,LOCAL,full,2,2026-07-27T01:37:46Z,0.2000,18.887,23.614,0.8857,0.8627,0.2000,gateway-service:0.8857;order-service:0.0000;inventory-service:0.0000;payment-service:0.0000;notification-service:0.0000
LIN-LAT-TIM-T70-W20-D5,LINEAR,LATENCY,TIME_BASED,70,20,5,5,LOCAL,full,3,2026-07-27T01:39:44Z,0.2000,18.938,23.433,0.8857,0.8572,0.2000,gateway-service:0.8857;order-service:0.0000;inventory-service:0.0000;payment-service:0.0000;notification-service:0.0000
LIN-LAT-CNT-T70-W20-D15,LINEAR,LATENCY,COUNT_BASED,70,20,15,5,LOCAL,full,1,2026-07-27T01:41:26Z,0.2000,9.857,17.234,0.7000,0.8408,0.2000,gateway-service:0.7000;order-service:0.0000;inventory-service:0.0000;payment-service:0.0000;notification-service:0.0000
LIN-LAT-CNT-T70-W20-D15,LINEAR,LATENCY,COUNT_BASED,70,20,15,5,LOCAL,full,2,2026-07-27T01:43:12Z,0.2000,9.928,16.95,0.7000,0.8318,0.2000,gateway-service:0.7000;order-service:0.0000;inventory-service:0.0000;payment-service:0.0000;notification-service:0.0000
LIN-LAT-CNT-T70-W20-D15,LINEAR,LATENCY,COUNT_BASED,70,20,15,5,LOCAL,full,3,2026-07-27T01:44:53Z,0.2000,9.879,17.001,0.7000,0.8102,0.2000,gateway-service:0.7000;order-service:0.0000;inventory-service:0.0000;payment-service:0.0000;notification-service:0.0000
LIN-LAT-TIM-T70-W20-D15,LINEAR,LATENCY,TIME_BASED,70,20,15,5,LOCAL,full,1,2026-07-27T03:52:10Z,0.2000,18.978,7540.508,0.9222,0.9993,0.2000,gateway-service:0.9222;order-service:0.0000;inventory-service:0.0000;payment-service:0.0000;notification-service:0.0000
LIN-LAT-TIM-T70-W20-D15,LINEAR,LATENCY,TIME_BASED,70,20,15,5,LOCAL,full,2,2026-07-27T03:53:56Z,0.2000,18.81,32.405,0.9200,0.9346,0.2000,gateway-service:0.9200;order-service:0.0135;inventory-service:0.0000;payment-service:0.0000;notification-service:0.0000
LIN-LAT-TIM-T70-W20-D15,LINEAR,LATENCY,TIME_BASED,70,20,15,5,LOCAL,full,3,2026-07-27T03:55:49Z,0.2000,18.658,34.64,0.9222,0.9281,0.2000,gateway-service:0.9222;order-service:0.0000;inventory-service:0.0000;payment-service:0.0000;notification-service:0.0000
LIN-LAT-CNT-T70-W20-D30,LINEAR,LATENCY,COUNT_BASED,70,20,30,5,LOCAL,full,1,2026-07-27T03:57:32Z,0.2000,9.642,31.004,0.7000,0.8701,0.2000,gateway-service:0.7000;order-service:0.0000;inventory-service:0.0000;payment-service:0.0000;notification-service:0.0000
LIN-LAT-CNT-T70-W20-D30,LINEAR,LATENCY,COUNT_BASED,70,20,30,5,LOCAL,full,2,2026-07-27T03:59:18Z,0.2000,9.696,31.132,0.7000,0.8400,0.2000,gateway-service:0.7000;order-service:0.0000;inventory-service:0.0000;payment-service:0.0000;notification-service:0.0000
LIN-LAT-CNT-T70-W20-D30,LINEAR,LATENCY,COUNT_BASED,70,20,30,5,LOCAL,full,3,2026-07-27T04:00:58Z,0.2000,9.768,30.927,0.7000,0.8741,0.2000,gateway-service:0.7000;order-service:0.0000;inventory-service:0.0000;payment-service:0.0000;notification-service:0.0000
LIN-LAT-TIM-T70-W20-D30,LINEAR,LATENCY,TIME_BASED,70,20,30,5,LOCAL,full,1,2026-07-27T04:03:23Z,0.2000,18.626,64.922,0.9417,0.9511,0.2000,gateway-service:0.9417;order-service:0.0000;inventory-service:0.0000;payment-service:0.0000;notification-service:0.0000
LIN-LAT-TIM-T70-W20-D30,LINEAR,LATENCY,TIME_BASED,70,20,30,5,LOCAL,full,2,2026-07-27T04:05:46Z,0.2000,18.835,65.418,0.9367,0.9339,0.2000,gateway-service:0.9367;order-service:0.0000;inventory-service:0.0000;payment-service:0.0000;notification-service:0.0000
LIN-LAT-TIM-T70-W20-D30,LINEAR,LATENCY,TIME_BASED,70,20,30,5,LOCAL,full,3,2026-07-27T04:08:12Z,0.2000,18.826,65.585,0.9367,0.9149,0.2000,gateway-service:0.9367;order-service:0.0000;inventory-service:0.0000;payment-service:0.0000;notification-service:0.0000
