experiment_id,topology,fault_type,window_type,threshold,window_size,wait_duration,permitted_calls_half_open,environment,mode,replicate,run_timestamp,blast_radius,time_to_open,time_to_recover,error_rate,throughput_loss,real_blast_radius,leg_failure_rates,precondition_ok,precondition_fail_reason,readiness_wait_s,cb_state_pre,buffered_calls_pre,warmup_requests,warmup_duration_s,run_order_seed,run_index,load_concurrency,lambda_target,lambda_achieved,lambda_cv,lambda_deviation_flag,effective_horizon,machine_id,half_open_probe_timed_out,half_open_probe_deadline_s,open_detected_at,open_event_at,fault_clear_offset_s,fault_cleared_at,fault_on_after_open_s,bounce_count,recovery_event_s,load_stop_reason,recovery_censored,excluded_reason
LIN-LAT-TIM-T50-W10-D5,LINEAR,LATENCY,TIME_BASED,50,10,5,5,LOCAL,recovery-control,2,2026-09-30T18:58:53Z,,6.66,,,,,,True,,25.600,gateway:orderServiceCB=CLOSED;gateway:inventoryServiceCB=CLOSED;gateway:paymentServiceCB=CLOSED;order:inventoryServiceCB=CLOSED;order:sharedDbCB=CLOSED;inventory:paymentServiceCB=CLOSED;inventory:sharedDbCB=CLOSED;payment:notificationServiceCB=CLOSED;payment:sharedDbCB=CLOSED;notification:sharedDbCB=CLOSED,gateway:orderServiceCB=0;gateway:inventoryServiceCB=0;gateway:paymentServiceCB=0;order:inventoryServiceCB=0;order:sharedDbCB=0;inventory:paymentServiceCB=0;inventory:sharedDbCB=0;payment:notificationServiceCB=0;payment:sharedDbCB=0;notification:sharedDbCB=0,200,20.700,20260929,1,,10,9.706216167963223,0.015471990031114805,,,jay-mac,,,1790794719.0150578,2026-09-30T18:58:39.095024844Z[Etc/UTC],5,1790794729.184741,10.17,1,13.872,half_open_to_closed,False,
LIN-LAT-CNT-T50-W5-D5,LINEAR,LATENCY,COUNT_BASED,50,5,5,5,LOCAL,recovery-control,3,2026-09-30T19:00:28Z,,3.338,,,,,,True,,28.223,gateway:orderServiceCB=CLOSED;gateway:inventoryServiceCB=CLOSED;gateway:paymentServiceCB=CLOSED;order:inventoryServiceCB=CLOSED;order:sharedDbCB=CLOSED;inventory:paymentServiceCB=CLOSED;inventory:sharedDbCB=CLOSED;payment:notificationServiceCB=CLOSED;payment:sharedDbCB=CLOSED;notification:sharedDbCB=CLOSED,gateway:orderServiceCB=0;gateway:inventoryServiceCB=0;gateway:paymentServiceCB=0;order:inventoryServiceCB=0;order:sharedDbCB=0;inventory:paymentServiceCB=0;inventory:sharedDbCB=0;payment:notificationServiceCB=0;payment:sharedDbCB=0;notification:sharedDbCB=0,200,20.721,20260929,2,,10,9.683303213131502,0.016590525771119403,,,jay-mac,,,1790794814.0326972,2026-09-30T19:00:14.019966109Z[Etc/UTC],5,1790794824.2153862,10.183,1,13.928,half_open_to_closed,False,
LIN-LAT-TIM-T50-W10-D30,LINEAR,LATENCY,TIME_BASED,50,10,30,5,LOCAL,recovery-control,2,2026-09-30T19:02:54Z,,6.849,,,,,,True,,25.718,gateway:orderServiceCB=CLOSED;gateway:inventoryServiceCB=CLOSED;gateway:paymentServiceCB=CLOSED;order:inventoryServiceCB=CLOSED;order:sharedDbCB=CLOSED;inventory:paymentServiceCB=CLOSED;inventory:sharedDbCB=CLOSED;payment:notificationServiceCB=CLOSED;payment:sharedDbCB=CLOSED;notification:sharedDbCB=CLOSED,gateway:orderServiceCB=0;gateway:inventoryServiceCB=0;gateway:paymentServiceCB=0;order:inventoryServiceCB=0;order:sharedDbCB=0;inventory:paymentServiceCB=0;inventory:sharedDbCB=0;payment:notificationServiceCB=0;payment:sharedDbCB=0;notification:sharedDbCB=0,200,20.695,20260929,3,,10,9.69479061629037,0.016378656219800152,,,jay-mac,,,1790794910.0219362,2026-09-30T19:01:50.014586493Z[Etc/UTC],5,1790794945.196855,35.175,1,63.914,half_open_to_closed,False,
LIN-LAT-TIM-T70-W10-D15,LINEAR,LATENCY,TIME_BASED,70,10,15,5,LOCAL,recovery-control,1,2026-09-30T19:04:52Z,,7.932,,,,,,True,,26.563,gateway:orderServiceCB=CLOSED;gateway:inventoryServiceCB=CLOSED;gateway:paymentServiceCB=CLOSED;order:inventoryServiceCB=CLOSED;order:sharedDbCB=CLOSED;inventory:paymentServiceCB=CLOSED;inventory:sharedDbCB=CLOSED;payment:notificationServiceCB=CLOSED;payment:sharedDbCB=CLOSED;notification:sharedDbCB=CLOSED,gateway:orderServiceCB=0;gateway:inventoryServiceCB=0;gateway:paymentServiceCB=0;order:inventoryServiceCB=0;order:sharedDbCB=0;inventory:paymentServiceCB=0;inventory:sharedDbCB=0;payment:notificationServiceCB=0;payment:sharedDbCB=0;notification:sharedDbCB=0,200,20.753,20260929,4,,10,9.701425716761568,0.016716059029194298,,,jay-mac,,,1790795057.9659789,2026-09-30T19:04:18.017460473Z[Etc/UTC],5,1790795078.165878,20.2,1,33.861,half_open_to_closed,False,
LIN-LAT-TIM-T50-W5-D5,LINEAR,LATENCY,TIME_BASED,50,5,5,5,LOCAL,recovery-control,3,2026-09-30T19:06:28Z,,4.063,,,,,,True,,28.576,gateway:orderServiceCB=CLOSED;gateway:inventoryServiceCB=CLOSED;gateway:paymentServiceCB=CLOSED;order:inventoryServiceCB=CLOSED;order:sharedDbCB=CLOSED;inventory:paymentServiceCB=CLOSED;inventory:sharedDbCB=CLOSED;payment:notificationServiceCB=CLOSED;payment:sharedDbCB=CLOSED;notification:sharedDbCB=CLOSED,gateway:orderServiceCB=0;gateway:inventoryServiceCB=0;gateway:paymentServiceCB=0;order:inventoryServiceCB=0;order:sharedDbCB=0;inventory:paymentServiceCB=0;inventory:sharedDbCB=0;payment:notificationServiceCB=0;payment:sharedDbCB=0;notification:sharedDbCB=0,200,20.711,20260929,5,,10,9.70089462479157,0.01567518813720831,,,jay-mac,,,1790795174.096821,2026-09-30T19:06:14.079780597Z[Etc/UTC],5,1790795184.277917,10.181,1,13.881,half_open_to_closed,False,
LIN-LAT-CNT-T50-W10-D15,LINEAR,LATENCY,COUNT_BASED,50,10,15,5,LOCAL,recovery-control,3,2026-09-30T19:08:21Z,,3.548,,,,,,True,,26.473,gateway:orderServiceCB=CLOSED;gateway:inventoryServiceCB=CLOSED;gateway:paymentServiceCB=CLOSED;order:inventoryServiceCB=CLOSED;order:sharedDbCB=CLOSED;inventory:paymentServiceCB=CLOSED;inventory:sharedDbCB=CLOSED;payment:notificationServiceCB=CLOSED;payment:sharedDbCB=CLOSED;notification:sharedDbCB=CLOSED,gateway:orderServiceCB=0;gateway:inventoryServiceCB=0;gateway:paymentServiceCB=0;order:inventoryServiceCB=0;order:sharedDbCB=0;inventory:paymentServiceCB=0;inventory:sharedDbCB=0;payment:notificationServiceCB=0;payment:sharedDbCB=0;notification:sharedDbCB=0,200,20.685,20260929,6,,10,9.694381777195902,0.01690676109210032,,,jay-mac,,,1790795267.2924302,2026-09-30T19:07:47.277152741Z[Etc/UTC],5,1790795287.4351249,20.143,1,33.898,half_open_to_closed,False,
LIN-LAT-TIM-T70-W10-D15,LINEAR,LATENCY,TIME_BASED,70,10,15,5,LOCAL,recovery-control,3,2026-09-30T19:10:20Z,,8.149,,,,,,True,,26.774,gateway:orderServiceCB=CLOSED;gateway:inventoryServiceCB=CLOSED;gateway:paymentServiceCB=CLOSED;order:inventoryServiceCB=CLOSED;order:sharedDbCB=CLOSED;inventory:paymentServiceCB=CLOSED;inventory:sharedDbCB=CLOSED;payment:notificationServiceCB=CLOSED;payment:sharedDbCB=CLOSED;notification:sharedDbCB=CLOSED,gateway:orderServiceCB=0;gateway:inventoryServiceCB=0;gateway:paymentServiceCB=0;order:inventoryServiceCB=0;order:sharedDbCB=0;inventory:paymentServiceCB=0;inventory:sharedDbCB=0;payment:notificationServiceCB=0;payment:sharedDbCB=0;notification:sharedDbCB=0,200,20.759,20260929,7,,10,9.685638375397815,0.017041825011523588,,,jay-mac,,,1790795386.070051,2026-09-30T19:09:46.091894245Z[Etc/UTC],5,1790795406.1749802,20.105,1,33.924,half_open_to_closed,False,
LIN-LAT-TIM-T50-W20-D5,LINEAR,LATENCY,TIME_BASED,50,20,5,5,LOCAL,recovery-control,1,2026-09-30T19:12:01Z,,11.527,,,,,,True,,25.772,gateway:orderServiceCB=CLOSED;gateway:inventoryServiceCB=CLOSED;gateway:paymentServiceCB=CLOSED;order:inventoryServiceCB=CLOSED;order:sharedDbCB=CLOSED;inventory:paymentServiceCB=CLOSED;inventory:sharedDbCB=CLOSED;payment:notificationServiceCB=CLOSED;payment:sharedDbCB=CLOSED;notification:sharedDbCB=CLOSED,gateway:orderServiceCB=0;gateway:inventoryServiceCB=0;gateway:paymentServiceCB=0;order:inventoryServiceCB=0;order:sharedDbCB=0;inventory:paymentServiceCB=0;inventory:sharedDbCB=0;payment:notificationServiceCB=0;payment:sharedDbCB=0;notification:sharedDbCB=0,200,20.683,20260929,8,,10,9.67827287555774,0.016532157536424993,,,jay-mac,,,1790795507.0591402,2026-09-30T19:11:47.007105284Z[Etc/UTC],5,1790795517.2757592,10.217,1,13.912,half_open_to_closed,False,
LIN-LAT-TIM-T70-W10-D15,LINEAR,LATENCY,TIME_BASED,70,10,15,5,LOCAL,recovery-control,2,2026-09-30T19:13:59Z,,7.989,,,,,,True,,26.408,gateway:orderServiceCB=CLOSED;gateway:inventoryServiceCB=CLOSED;gateway:paymentServiceCB=CLOSED;order:inventoryServiceCB=CLOSED;order:sharedDbCB=CLOSED;inventory:paymentServiceCB=CLOSED;inventory:sharedDbCB=CLOSED;payment:notificationServiceCB=CLOSED;payment:sharedDbCB=CLOSED;notification:sharedDbCB=CLOSED,gateway:orderServiceCB=0;gateway:inventoryServiceCB=0;gateway:paymentServiceCB=0;order:inventoryServiceCB=0;order:sharedDbCB=0;inventory:paymentServiceCB=0;inventory:sharedDbCB=0;payment:notificationServiceCB=0;payment:sharedDbCB=0;notification:sharedDbCB=0,200,20.687,20260929,9,,10,9.692372925198582,0.016472261160836915,,,jay-mac,,,1790795605.0786612,2026-09-30T19:13:25.051337538Z[Etc/UTC],5,1790795625.3046982,20.226,1,33.894,half_open_to_closed,False,
LIN-LAT-TIM-T70-W10-D5,LINEAR,LATENCY,TIME_BASED,70,10,5,5,LOCAL,recovery-control,2,2026-09-30T19:15:36Z,,8.372,,,,,,True,,26.190,gateway:orderServiceCB=CLOSED;gateway:inventoryServiceCB=CLOSED;gateway:paymentServiceCB=CLOSED;order:inventoryServiceCB=CLOSED;order:sharedDbCB=CLOSED;inventory:paymentServiceCB=CLOSED;inventory:sharedDbCB=CLOSED;payment:notificationServiceCB=CLOSED;payment:sharedDbCB=CLOSED;notification:sharedDbCB=CLOSED,gateway:orderServiceCB=0;gateway:inventoryServiceCB=0;gateway:paymentServiceCB=0;order:inventoryServiceCB=0;order:sharedDbCB=0;inventory:paymentServiceCB=0;inventory:sharedDbCB=0;payment:notificationServiceCB=0;payment:sharedDbCB=0;notification:sharedDbCB=0,200,20.675,20260929,10,,10,9.684461672856798,0.01833679322261121,,,jay-mac,,,1790795722.648471,2026-09-30T19:15:22.665086737Z[Etc/UTC],5,1790795732.879353,10.231,1,13.886,half_open_to_closed,False,
LIN-LAT-TIM-T50-W5-D30,LINEAR,LATENCY,TIME_BASED,50,5,30,5,LOCAL,recovery-control,3,2026-09-30T19:18:01Z,,4.217,,,,,,True,,26.911,gateway:orderServiceCB=CLOSED;gateway:inventoryServiceCB=CLOSED;gateway:paymentServiceCB=CLOSED;order:inventoryServiceCB=CLOSED;order:sharedDbCB=CLOSED;inventory:paymentServiceCB=CLOSED;inventory:sharedDbCB=CLOSED;payment:notificationServiceCB=CLOSED;payment:sharedDbCB=CLOSED;notification:sharedDbCB=CLOSED,gateway:orderServiceCB=0;gateway:inventoryServiceCB=0;gateway:paymentServiceCB=0;order:inventoryServiceCB=0;order:sharedDbCB=0;inventory:paymentServiceCB=0;inventory:sharedDbCB=0;payment:notificationServiceCB=0;payment:sharedDbCB=0;notification:sharedDbCB=0,200,20.733,20260929,11,,10,9.673699669002321,0.019689534238821554,,,jay-mac,,,1790795817.0646489,2026-09-30T19:16:57.083786308Z[Etc/UTC],5,1790795852.257497,35.193,1,63.971,half_open_to_closed,False,
LIN-LAT-TIM-T50-W5-D30,LINEAR,LATENCY,TIME_BASED,50,5,30,5,LOCAL,recovery-control,1,2026-09-30T19:20:25Z,,4.322,,,,,,True,,25.888,gateway:orderServiceCB=CLOSED;gateway:inventoryServiceCB=CLOSED;gateway:paymentServiceCB=CLOSED;order:inventoryServiceCB=CLOSED;order:sharedDbCB=CLOSED;inventory:paymentServiceCB=CLOSED;inventory:sharedDbCB=CLOSED;payment:notificationServiceCB=CLOSED;payment:sharedDbCB=CLOSED;notification:sharedDbCB=CLOSED,gateway:orderServiceCB=0;gateway:inventoryServiceCB=0;gateway:paymentServiceCB=0;order:inventoryServiceCB=0;order:sharedDbCB=0;inventory:paymentServiceCB=0;inventory:sharedDbCB=0;payment:notificationServiceCB=0;payment:sharedDbCB=0;notification:sharedDbCB=0,200,20.703,20260929,12,,10,9.705230047916725,0.017045179240109183,,,jay-mac,,,1790795961.0105321,2026-09-30T19:19:21.024733293Z[Etc/UTC],5,1790795996.202854,35.192,1,63.943,half_open_to_closed,False,
LIN-LAT-CNT-T50-W5-D30,LINEAR,LATENCY,COUNT_BASED,50,5,30,5,LOCAL,recovery-control,1,2026-09-30T19:22:44Z,,3.257,,,,,,True,,22.456,gateway:orderServiceCB=CLOSED;gateway:inventoryServiceCB=CLOSED;gateway:paymentServiceCB=CLOSED;order:inventoryServiceCB=CLOSED;order:sharedDbCB=CLOSED;inventory:paymentServiceCB=CLOSED;inventory:sharedDbCB=CLOSED;payment:notificationServiceCB=CLOSED;payment:sharedDbCB=CLOSED;notification:sharedDbCB=CLOSED,gateway:orderServiceCB=0;gateway:inventoryServiceCB=0;gateway:paymentServiceCB=0;order:inventoryServiceCB=0;order:sharedDbCB=0;inventory:paymentServiceCB=0;inventory:sharedDbCB=0;payment:notificationServiceCB=0;payment:sharedDbCB=0;notification:sharedDbCB=0,200,20.707,20260929,13,,10,9.691117326257602,0.017488111417775943,,,jay-mac,,,1790796100.154098,2026-09-30T19:21:40.198089861Z[Etc/UTC],5,1790796135.345382,35.191,1,63.944,half_open_to_closed,False,
LIN-LAT-CNT-T50-W10-D15,LINEAR,LATENCY,COUNT_BASED,50,10,15,5,LOCAL,recovery-control,1,2026-09-30T19:24:33Z,,3.455,,,,,,True,,22.044,gateway:orderServiceCB=CLOSED;gateway:inventoryServiceCB=CLOSED;gateway:paymentServiceCB=CLOSED;order:inventoryServiceCB=CLOSED;order:sharedDbCB=CLOSED;inventory:paymentServiceCB=CLOSED;inventory:sharedDbCB=CLOSED;payment:notificationServiceCB=CLOSED;payment:sharedDbCB=CLOSED;notification:sharedDbCB=CLOSED,gateway:orderServiceCB=0;gateway:inventoryServiceCB=0;gateway:paymentServiceCB=0;order:inventoryServiceCB=0;order:sharedDbCB=0;inventory:paymentServiceCB=0;inventory:sharedDbCB=0;payment:notificationServiceCB=0;payment:sharedDbCB=0;notification:sharedDbCB=0,200,20.701,20260929,14,,10,9.694058370457684,0.017817787737535278,,,jay-mac,,,1790796239.117428,2026-09-30T19:23:59.162289446Z[Etc/UTC],5,1790796259.225874,20.108,1,33.921,half_open_to_closed,False,
LIN-LAT-CNT-T50-W10-D15,LINEAR,LATENCY,COUNT_BASED,50,10,15,5,LOCAL,recovery-control,2,2026-09-30T19:26:20Z,,3.546,,,,,,True,,20.863,gateway:orderServiceCB=CLOSED;gateway:inventoryServiceCB=CLOSED;gateway:paymentServiceCB=CLOSED;order:inventoryServiceCB=CLOSED;order:sharedDbCB=CLOSED;inventory:paymentServiceCB=CLOSED;inventory:sharedDbCB=CLOSED;payment:notificationServiceCB=CLOSED;payment:sharedDbCB=CLOSED;notification:sharedDbCB=CLOSED,gateway:orderServiceCB=0;gateway:inventoryServiceCB=0;gateway:paymentServiceCB=0;order:inventoryServiceCB=0;order:sharedDbCB=0;inventory:paymentServiceCB=0;inventory:sharedDbCB=0;payment:notificationServiceCB=0;payment:sharedDbCB=0;notification:sharedDbCB=0,200,20.690,20260929,15,,10,9.70591141605491,0.017857408179351827,,,jay-mac,,,1790796346.8960798,2026-09-30T19:25:46.864812454Z[Etc/UTC],5,1790796366.980122,20.084,1,33.983,half_open_to_closed,False,
LIN-LAT-TIM-T50-W5-D15,LINEAR,LATENCY,TIME_BASED,50,5,15,5,LOCAL,recovery-control,2,2026-09-30T19:28:08Z,,3.767,,,,,,True,,20.066,gateway:orderServiceCB=CLOSED;gateway:inventoryServiceCB=CLOSED;gateway:paymentServiceCB=CLOSED;order:inventoryServiceCB=CLOSED;order:sharedDbCB=CLOSED;inventory:paymentServiceCB=CLOSED;inventory:sharedDbCB=CLOSED;payment:notificationServiceCB=CLOSED;payment:sharedDbCB=CLOSED;notification:sharedDbCB=CLOSED,gateway:orderServiceCB=0;gateway:inventoryServiceCB=0;gateway:paymentServiceCB=0;order:inventoryServiceCB=0;order:sharedDbCB=0;inventory:paymentServiceCB=0;inventory:sharedDbCB=0;payment:notificationServiceCB=0;payment:sharedDbCB=0;notification:sharedDbCB=0,200,20.697,20260929,16,,10,9.692542932822038,0.016812665917535448,,,jay-mac,,,1790796454.038717,2026-09-30T19:27:34.091723298Z[Etc/UTC],5,1790796474.20474,20.166,1,33.927,half_open_to_closed,False,
LIN-LAT-CNT-T50-W5-D15,LINEAR,LATENCY,COUNT_BASED,50,5,15,5,LOCAL,recovery-control,2,2026-09-30T19:29:55Z,,3.291,,,,,,True,,20.739,gateway:orderServiceCB=CLOSED;gateway:inventoryServiceCB=CLOSED;gateway:paymentServiceCB=CLOSED;order:inventoryServiceCB=CLOSED;order:sharedDbCB=CLOSED;inventory:paymentServiceCB=CLOSED;inventory:sharedDbCB=CLOSED;payment:notificationServiceCB=CLOSED;payment:sharedDbCB=CLOSED;notification:sharedDbCB=CLOSED,gateway:orderServiceCB=0;gateway:inventoryServiceCB=0;gateway:paymentServiceCB=0;order:inventoryServiceCB=0;order:sharedDbCB=0;inventory:paymentServiceCB=0;inventory:sharedDbCB=0;payment:notificationServiceCB=0;payment:sharedDbCB=0;notification:sharedDbCB=0,200,20.719,20260929,17,,10,9.694756533494326,0.0174568005208658,,,jay-mac,,,1790796561.443273,2026-09-30T19:29:21.456091780Z[Etc/UTC],5,1790796581.7231941,20.28,1,33.934,half_open_to_closed,False,
LIN-LAT-TIM-T50-W20-D5,LINEAR,LATENCY,TIME_BASED,50,20,5,5,LOCAL,recovery-control,2,2026-09-30T19:31:36Z,,11.777,,,,,,True,,25.657,gateway:orderServiceCB=CLOSED;gateway:inventoryServiceCB=CLOSED;gateway:paymentServiceCB=CLOSED;order:inventoryServiceCB=CLOSED;order:sharedDbCB=CLOSED;inventory:paymentServiceCB=CLOSED;inventory:sharedDbCB=CLOSED;payment:notificationServiceCB=CLOSED;payment:sharedDbCB=CLOSED;notification:sharedDbCB=CLOSED,gateway:orderServiceCB=0;gateway:inventoryServiceCB=0;gateway:paymentServiceCB=0;order:inventoryServiceCB=0;order:sharedDbCB=0;inventory:paymentServiceCB=0;inventory:sharedDbCB=0;payment:notificationServiceCB=0;payment:sharedDbCB=0;notification:sharedDbCB=0,200,20.657,20260929,18,,10,9.680312681071504,0.01644840708393731,,,jay-mac,,,1790796682.5537002,2026-09-30T19:31:22.597079231Z[Etc/UTC],5,1790796692.685876,10.132,1,14.002,half_open_to_closed,False,
LIN-LAT-TIM-T50-W10-D30,LINEAR,LATENCY,TIME_BASED,50,10,30,5,LOCAL,recovery-control,3,2026-09-30T19:34:02Z,,6.873,,,,,,True,,25.912,gateway:orderServiceCB=CLOSED;gateway:inventoryServiceCB=CLOSED;gateway:paymentServiceCB=CLOSED;order:inventoryServiceCB=CLOSED;order:sharedDbCB=CLOSED;inventory:paymentServiceCB=CLOSED;inventory:sharedDbCB=CLOSED;payment:notificationServiceCB=CLOSED;payment:sharedDbCB=CLOSED;notification:sharedDbCB=CLOSED,gateway:orderServiceCB=0;gateway:inventoryServiceCB=0;gateway:paymentServiceCB=0;order:inventoryServiceCB=0;order:sharedDbCB=0;inventory:paymentServiceCB=0;inventory:sharedDbCB=0;payment:notificationServiceCB=0;payment:sharedDbCB=0;notification:sharedDbCB=0,200,20.684,20260929,19,,10,9.69073724166244,0.0165660746047598,,,jay-mac,,,1790796778.793184,2026-09-30T19:32:58.858698074Z[Etc/UTC],5,1790796813.867074,35.074,1,63.934,half_open_to_closed,False,
LIN-LAT-CNT-T50-W20-D30,LINEAR,LATENCY,COUNT_BASED,50,20,30,5,LOCAL,recovery-control,2,2026-09-30T19:36:28Z,,4.034,,,,,,True,,28.205,gateway:orderServiceCB=CLOSED;gateway:inventoryServiceCB=CLOSED;gateway:paymentServiceCB=CLOSED;order:inventoryServiceCB=CLOSED;order:sharedDbCB=CLOSED;inventory:paymentServiceCB=CLOSED;inventory:sharedDbCB=CLOSED;payment:notificationServiceCB=CLOSED;payment:sharedDbCB=CLOSED;notification:sharedDbCB=CLOSED,gateway:orderServiceCB=0;gateway:inventoryServiceCB=0;gateway:paymentServiceCB=0;order:inventoryServiceCB=0;order:sharedDbCB=0;inventory:paymentServiceCB=0;inventory:sharedDbCB=0;payment:notificationServiceCB=0;payment:sharedDbCB=0;notification:sharedDbCB=0,200,20.712,20260929,20,,10,9.689409896504815,0.016535227449428314,,,jay-mac,,,1790796924.618208,2026-09-30T19:35:24.618343873Z[Etc/UTC],5,1790796959.7406762,35.122,1,63.965,half_open_to_closed,False,
LIN-LAT-CNT-T50-W20-D5,LINEAR,LATENCY,COUNT_BASED,50,20,5,5,LOCAL,recovery-control,1,2026-09-30T19:38:00Z,,4.066,,,,,,True,,24.211,gateway:orderServiceCB=CLOSED;gateway:inventoryServiceCB=CLOSED;gateway:paymentServiceCB=CLOSED;order:inventoryServiceCB=CLOSED;order:sharedDbCB=CLOSED;inventory:paymentServiceCB=CLOSED;inventory:sharedDbCB=CLOSED;payment:notificationServiceCB=CLOSED;payment:sharedDbCB=CLOSED;notification:sharedDbCB=CLOSED,gateway:orderServiceCB=0;gateway:inventoryServiceCB=0;gateway:paymentServiceCB=0;order:inventoryServiceCB=0;order:sharedDbCB=0;inventory:paymentServiceCB=0;inventory:sharedDbCB=0;payment:notificationServiceCB=0;payment:sharedDbCB=0;notification:sharedDbCB=0,200,20.676,20260929,21,,10,9.660279742815401,0.016118943936686492,,,jay-mac,,,1790797066.691403,2026-09-30T19:37:46.673088540Z[Etc/UTC],5,1790797076.788975,10.098,1,13.946,half_open_to_closed,False,
LIN-LAT-TIM-T50-W20-D5,LINEAR,LATENCY,TIME_BASED,50,20,5,5,LOCAL,recovery-control,3,2026-09-30T19:39:36Z,,12.03,,,,,,True,,21.173,gateway:orderServiceCB=CLOSED;gateway:inventoryServiceCB=CLOSED;gateway:paymentServiceCB=CLOSED;order:inventoryServiceCB=CLOSED;order:sharedDbCB=CLOSED;inventory:paymentServiceCB=CLOSED;inventory:sharedDbCB=CLOSED;payment:notificationServiceCB=CLOSED;payment:sharedDbCB=CLOSED;notification:sharedDbCB=CLOSED,gateway:orderServiceCB=0;gateway:inventoryServiceCB=0;gateway:paymentServiceCB=0;order:inventoryServiceCB=0;order:sharedDbCB=0;inventory:paymentServiceCB=0;inventory:sharedDbCB=0;payment:notificationServiceCB=0;payment:sharedDbCB=0;notification:sharedDbCB=0,200,20.726,20260929,22,,10,9.680379707044658,0.017019933333247243,,,jay-mac,,,1790797162.9963362,2026-09-30T19:39:22.967202111Z[Etc/UTC],5,1790797173.10615,10.11,1,13.906,half_open_to_closed,False,
LIN-LAT-CNT-T70-W10-D30,LINEAR,LATENCY,COUNT_BASED,70,10,30,5,LOCAL,recovery-control,2,2026-09-30T19:41:53Z,,3.666,,,,,,True,,19.742,gateway:orderServiceCB=CLOSED;gateway:inventoryServiceCB=CLOSED;gateway:paymentServiceCB=CLOSED;order:inventoryServiceCB=CLOSED;order:sharedDbCB=CLOSED;inventory:paymentServiceCB=CLOSED;inventory:sharedDbCB=CLOSED;payment:notificationServiceCB=CLOSED;payment:sharedDbCB=CLOSED;notification:sharedDbCB=CLOSED,gateway:orderServiceCB=0;gateway:inventoryServiceCB=0;gateway:paymentServiceCB=0;order:inventoryServiceCB=0;order:sharedDbCB=0;inventory:paymentServiceCB=0;inventory:sharedDbCB=0;payment:notificationServiceCB=0;payment:sharedDbCB=0;notification:sharedDbCB=0,200,20.713,20260929,23,,10,9.701374966122822,0.016190964790575246,,,jay-mac,,,1790797249.4240189,2026-09-30T19:40:49.483505242Z[Etc/UTC],5,1790797284.608626,35.185,1,63.988,half_open_to_closed,False,
LIN-LAT-CNT-T50-W5-D5,LINEAR,LATENCY,COUNT_BASED,50,5,5,5,LOCAL,recovery-control,2,2026-09-30T19:43:25Z,,3.279,,,,,,True,,25.142,gateway:orderServiceCB=CLOSED;gateway:inventoryServiceCB=CLOSED;gateway:paymentServiceCB=CLOSED;order:inventoryServiceCB=CLOSED;order:sharedDbCB=CLOSED;inventory:paymentServiceCB=CLOSED;inventory:sharedDbCB=CLOSED;payment:notificationServiceCB=CLOSED;payment:sharedDbCB=CLOSED;notification:sharedDbCB=CLOSED,gateway:orderServiceCB=0;gateway:inventoryServiceCB=0;gateway:paymentServiceCB=0;order:inventoryServiceCB=0;order:sharedDbCB=0;inventory:paymentServiceCB=0;inventory:sharedDbCB=0;payment:notificationServiceCB=0;payment:sharedDbCB=0;notification:sharedDbCB=0,200,20.675,20260929,24,,10,9.691669839808018,0.018189517327631435,,,jay-mac,,,1790797391.759831,2026-09-30T19:43:11.790318193Z[Etc/UTC],5,1790797401.938217,10.178,1,13.925,half_open_to_closed,False,
LIN-LAT-TIM-T50-W10-D5,LINEAR,LATENCY,TIME_BASED,50,10,5,5,LOCAL,recovery-control,1,2026-09-30T19:45:01Z,,6.887,,,,,,True,,25.686,gateway:orderServiceCB=CLOSED;gateway:inventoryServiceCB=CLOSED;gateway:paymentServiceCB=CLOSED;order:inventoryServiceCB=CLOSED;order:sharedDbCB=CLOSED;inventory:paymentServiceCB=CLOSED;inventory:sharedDbCB=CLOSED;payment:notificationServiceCB=CLOSED;payment:sharedDbCB=CLOSED;notification:sharedDbCB=CLOSED,gateway:orderServiceCB=0;gateway:inventoryServiceCB=0;gateway:paymentServiceCB=0;order:inventoryServiceCB=0;order:sharedDbCB=0;inventory:paymentServiceCB=0;inventory:sharedDbCB=0;payment:notificationServiceCB=0;payment:sharedDbCB=0;notification:sharedDbCB=0,200,20.690,20260929,25,,10,9.679704954252342,0.016653337049832156,,,jay-mac,,,1790797487.710338,2026-09-30T19:44:47.680518087Z[Etc/UTC],5,1790797497.844498,10.134,1,13.898,half_open_to_closed,False,
LIN-LAT-TIM-T50-W10-D30,LINEAR,LATENCY,TIME_BASED,50,10,30,5,LOCAL,recovery-control,1,2026-09-30T19:47:28Z,,6.715,,,,,,True,,26.329,gateway:orderServiceCB=CLOSED;gateway:inventoryServiceCB=CLOSED;gateway:paymentServiceCB=CLOSED;order:inventoryServiceCB=CLOSED;order:sharedDbCB=CLOSED;inventory:paymentServiceCB=CLOSED;inventory:sharedDbCB=CLOSED;payment:notificationServiceCB=CLOSED;payment:sharedDbCB=CLOSED;notification:sharedDbCB=CLOSED,gateway:orderServiceCB=0;gateway:inventoryServiceCB=0;gateway:paymentServiceCB=0;order:inventoryServiceCB=0;order:sharedDbCB=0;inventory:paymentServiceCB=0;inventory:sharedDbCB=0;payment:notificationServiceCB=0;payment:sharedDbCB=0;notification:sharedDbCB=0,200,20.712,20260929,26,,10,9.686589465806094,0.016630727432536168,,,jay-mac,,,1790797584.055051,2026-09-30T19:46:24.085216638Z[Etc/UTC],5,1790797619.192586,35.138,1,63.981,half_open_to_closed,False,
LIN-LAT-CNT-T50-W5-D30,LINEAR,LATENCY,COUNT_BASED,50,5,30,5,LOCAL,recovery-control,3,2026-09-30T19:49:51Z,,3.263,,,,,,True,,25.674,gateway:orderServiceCB=CLOSED;gateway:inventoryServiceCB=CLOSED;gateway:paymentServiceCB=CLOSED;order:inventoryServiceCB=CLOSED;order:sharedDbCB=CLOSED;inventory:paymentServiceCB=CLOSED;inventory:sharedDbCB=CLOSED;payment:notificationServiceCB=CLOSED;payment:sharedDbCB=CLOSED;notification:sharedDbCB=CLOSED,gateway:orderServiceCB=0;gateway:inventoryServiceCB=0;gateway:paymentServiceCB=0;order:inventoryServiceCB=0;order:sharedDbCB=0;inventory:paymentServiceCB=0;inventory:sharedDbCB=0;payment:notificationServiceCB=0;payment:sharedDbCB=0;notification:sharedDbCB=0,200,20.721,20260929,27,,10,9.69936572800758,0.0174883043712186,,,jay-mac,,,1790797726.8542411,2026-09-30T19:48:46.912349031Z[Etc/UTC],5,1790797761.946304,35.092,1,63.998,half_open_to_closed,False,
LIN-LAT-CNT-T50-W5-D30,LINEAR,LATENCY,COUNT_BASED,50,5,30,5,LOCAL,recovery-control,2,2026-09-30T19:52:14Z,,3.293,,,,,,True,,26.232,gateway:orderServiceCB=CLOSED;gateway:inventoryServiceCB=CLOSED;gateway:paymentServiceCB=CLOSED;order:inventoryServiceCB=CLOSED;order:sharedDbCB=CLOSED;inventory:paymentServiceCB=CLOSED;inventory:sharedDbCB=CLOSED;payment:notificationServiceCB=CLOSED;payment:sharedDbCB=CLOSED;notification:sharedDbCB=CLOSED,gateway:orderServiceCB=0;gateway:inventoryServiceCB=0;gateway:paymentServiceCB=0;order:inventoryServiceCB=0;order:sharedDbCB=0;inventory:paymentServiceCB=0;inventory:sharedDbCB=0;payment:notificationServiceCB=0;payment:sharedDbCB=0;notification:sharedDbCB=0,200,20.721,20260929,28,,10,9.692937133980077,0.016387159993344037,,,jay-mac,,,1790797870.742089,2026-09-30T19:51:10.765816979Z[Etc/UTC],5,1790797905.9041479,35.162,1,63.938,half_open_to_closed,False,
LIN-LAT-CNT-T50-W5-D15,LINEAR,LATENCY,COUNT_BASED,50,5,15,5,LOCAL,recovery-control,1,2026-09-30T19:54:07Z,,3.285,,,,,,True,,26.099,gateway:orderServiceCB=CLOSED;gateway:inventoryServiceCB=CLOSED;gateway:paymentServiceCB=CLOSED;order:inventoryServiceCB=CLOSED;order:sharedDbCB=CLOSED;inventory:paymentServiceCB=CLOSED;inventory:sharedDbCB=CLOSED;payment:notificationServiceCB=CLOSED;payment:sharedDbCB=CLOSED;notification:sharedDbCB=CLOSED,gateway:orderServiceCB=0;gateway:inventoryServiceCB=0;gateway:paymentServiceCB=0;order:inventoryServiceCB=0;order:sharedDbCB=0;inventory:paymentServiceCB=0;inventory:sharedDbCB=0;payment:notificationServiceCB=0;payment:sharedDbCB=0;notification:sharedDbCB=0,200,20.749,20260929,29,,10,9.678864210968563,0.01615486580328777,,,jay-mac,,,1790798013.793031,2026-09-30T19:53:33.822681974Z[Etc/UTC],5,1790798033.850088,20.057,1,33.984,half_open_to_closed,False,
LIN-LAT-TIM-T70-W10-D30,LINEAR,LATENCY,TIME_BASED,70,10,30,5,LOCAL,recovery-control,2,2026-09-30T19:56:35Z,,8.522,,,,,,True,,25.946,gateway:orderServiceCB=CLOSED;gateway:inventoryServiceCB=CLOSED;gateway:paymentServiceCB=CLOSED;order:inventoryServiceCB=CLOSED;order:sharedDbCB=CLOSED;inventory:paymentServiceCB=CLOSED;inventory:sharedDbCB=CLOSED;payment:notificationServiceCB=CLOSED;payment:sharedDbCB=CLOSED;notification:sharedDbCB=CLOSED,gateway:orderServiceCB=0;gateway:inventoryServiceCB=0;gateway:paymentServiceCB=0;order:inventoryServiceCB=0;order:sharedDbCB=0;inventory:paymentServiceCB=0;inventory:sharedDbCB=0;payment:notificationServiceCB=0;payment:sharedDbCB=0;notification:sharedDbCB=0,200,20.701,20260929,30,,10,9.688780736530795,0.01646823598824322,,,jay-mac,,,1790798131.879321,2026-09-30T19:55:31.955277217Z[Etc/UTC],5,1790798167.082894,35.204,1,63.851,half_open_to_closed,False,
LIN-LAT-CNT-T50-W20-D5,LINEAR,LATENCY,COUNT_BASED,50,20,5,5,LOCAL,recovery-control,3,2026-09-30T19:58:08Z,,4.062,,,,,,True,,25.659,gateway:orderServiceCB=CLOSED;gateway:inventoryServiceCB=CLOSED;gateway:paymentServiceCB=CLOSED;order:inventoryServiceCB=CLOSED;order:sharedDbCB=CLOSED;inventory:paymentServiceCB=CLOSED;inventory:sharedDbCB=CLOSED;payment:notificationServiceCB=CLOSED;payment:sharedDbCB=CLOSED;notification:sharedDbCB=CLOSED,gateway:orderServiceCB=0;gateway:inventoryServiceCB=0;gateway:paymentServiceCB=0;order:inventoryServiceCB=0;order:sharedDbCB=0;inventory:paymentServiceCB=0;inventory:sharedDbCB=0;payment:notificationServiceCB=0;payment:sharedDbCB=0;notification:sharedDbCB=0,200,20.710,20260929,31,,10,9.666042187535885,0.01576412391348924,,,jay-mac,,,1790798274.871514,2026-09-30T19:57:54.875515199Z[Etc/UTC],5,1790798285.015415,10.144,1,13.927,half_open_to_closed,False,
LIN-LAT-TIM-T50-W10-D5,LINEAR,LATENCY,TIME_BASED,50,10,5,5,LOCAL,recovery-control,3,2026-09-30T19:59:44Z,,6.455,,,,,,True,,25.555,gateway:orderServiceCB=CLOSED;gateway:inventoryServiceCB=CLOSED;gateway:paymentServiceCB=CLOSED;order:inventoryServiceCB=CLOSED;order:sharedDbCB=CLOSED;inventory:paymentServiceCB=CLOSED;inventory:sharedDbCB=CLOSED;payment:notificationServiceCB=CLOSED;payment:sharedDbCB=CLOSED;notification:sharedDbCB=CLOSED,gateway:orderServiceCB=0;gateway:inventoryServiceCB=0;gateway:paymentServiceCB=0;order:inventoryServiceCB=0;order:sharedDbCB=0;inventory:paymentServiceCB=0;inventory:sharedDbCB=0;payment:notificationServiceCB=0;payment:sharedDbCB=0;notification:sharedDbCB=0,200,20.746,20260929,32,,10,9.685814228469848,0.01812760099817738,,,jay-mac,,,1790798369.99245,2026-09-30T19:59:30.067691289Z[Etc/UTC],5,1790798380.2093382,10.217,1,13.906,half_open_to_closed,False,
LIN-LAT-TIM-T50-W20-D30,LINEAR,LATENCY,TIME_BASED,50,20,30,5,LOCAL,recovery-control,3,2026-09-30T20:02:15Z,,11.639,,,,,,True,,26.059,gateway:orderServiceCB=CLOSED;gateway:inventoryServiceCB=CLOSED;gateway:paymentServiceCB=CLOSED;order:inventoryServiceCB=CLOSED;order:sharedDbCB=CLOSED;inventory:paymentServiceCB=CLOSED;inventory:sharedDbCB=CLOSED;payment:notificationServiceCB=CLOSED;payment:sharedDbCB=CLOSED;notification:sharedDbCB=CLOSED,gateway:orderServiceCB=0;gateway:inventoryServiceCB=0;gateway:paymentServiceCB=0;order:inventoryServiceCB=0;order:sharedDbCB=0;inventory:paymentServiceCB=0;inventory:sharedDbCB=0;payment:notificationServiceCB=0;payment:sharedDbCB=0;notification:sharedDbCB=0,200,20.752,20260929,33,,10,9.698432607590716,0.016743191080084634,,,jay-mac,,,1790798471.310299,2026-09-30T20:01:11.370039054Z[Etc/UTC],5,1790798506.3990998,35.089,1,63.981,half_open_to_closed,False,
LIN-LAT-CNT-T50-W20-D30,LINEAR,LATENCY,COUNT_BASED,50,20,30,5,LOCAL,recovery-control,3,2026-09-30T20:04:37Z,,3.98,,,,,,True,,24.540,gateway:orderServiceCB=CLOSED;gateway:inventoryServiceCB=CLOSED;gateway:paymentServiceCB=CLOSED;order:inventoryServiceCB=CLOSED;order:sharedDbCB=CLOSED;inventory:paymentServiceCB=CLOSED;inventory:sharedDbCB=CLOSED;payment:notificationServiceCB=CLOSED;payment:sharedDbCB=CLOSED;notification:sharedDbCB=CLOSED,gateway:orderServiceCB=0;gateway:inventoryServiceCB=0;gateway:paymentServiceCB=0;order:inventoryServiceCB=0;order:sharedDbCB=0;inventory:paymentServiceCB=0;inventory:sharedDbCB=0;payment:notificationServiceCB=0;payment:sharedDbCB=0;notification:sharedDbCB=0,200,20.710,20260929,34,,10,9.677574724151263,0.016148100675771923,,,jay-mac,,,1790798613.397908,2026-09-30T20:03:33.464642268Z[Etc/UTC],5,1790798648.4706502,35.073,1,63.941,half_open_to_closed,False,
LIN-LAT-TIM-T50-W20-D30,LINEAR,LATENCY,TIME_BASED,50,20,30,5,LOCAL,recovery-control,1,2026-09-30T20:07:09Z,,11.942,,,,,,True,,26.360,gateway:orderServiceCB=CLOSED;gateway:inventoryServiceCB=CLOSED;gateway:paymentServiceCB=CLOSED;order:inventoryServiceCB=CLOSED;order:sharedDbCB=CLOSED;inventory:paymentServiceCB=CLOSED;inventory:sharedDbCB=CLOSED;payment:notificationServiceCB=CLOSED;payment:sharedDbCB=CLOSED;notification:sharedDbCB=CLOSED,gateway:orderServiceCB=0;gateway:inventoryServiceCB=0;gateway:paymentServiceCB=0;order:inventoryServiceCB=0;order:sharedDbCB=0;inventory:paymentServiceCB=0;inventory:sharedDbCB=0;payment:notificationServiceCB=0;payment:sharedDbCB=0;notification:sharedDbCB=0,200,20.706,20260929,35,,10,9.69106912457138,0.02191725624095748,,,jay-mac,,,1790798764.987614,2026-09-30T20:06:05.053291637Z[Etc/UTC],5,1790798800.140235,35.153,1,63.931,half_open_to_closed,False,
LIN-LAT-CNT-T50-W20-D15,LINEAR,LATENCY,COUNT_BASED,50,20,15,5,LOCAL,recovery-control,1,2026-09-30T20:09:02Z,,4.062,,,,,,True,,26.392,gateway:orderServiceCB=CLOSED;gateway:inventoryServiceCB=CLOSED;gateway:paymentServiceCB=CLOSED;order:inventoryServiceCB=CLOSED;order:sharedDbCB=CLOSED;inventory:paymentServiceCB=CLOSED;inventory:sharedDbCB=CLOSED;payment:notificationServiceCB=CLOSED;payment:sharedDbCB=CLOSED;notification:sharedDbCB=CLOSED,gateway:orderServiceCB=0;gateway:inventoryServiceCB=0;gateway:paymentServiceCB=0;order:inventoryServiceCB=0;order:sharedDbCB=0;inventory:paymentServiceCB=0;inventory:sharedDbCB=0;payment:notificationServiceCB=0;payment:sharedDbCB=0;notification:sharedDbCB=0,200,20.658,20260929,36,,10,9.686130838080388,0.016774037423268207,,,jay-mac,,,1790798908.995256,2026-09-30T20:08:28.984618121Z[Etc/UTC],5,1790798929.096224,20.101,1,33.933,half_open_to_closed,False,
LIN-LAT-CNT-T70-W10-D30,LINEAR,LATENCY,COUNT_BASED,70,10,30,5,LOCAL,recovery-control,3,2026-09-30T20:11:20Z,,3.724,,,,,,True,,20.000,gateway:orderServiceCB=CLOSED;gateway:inventoryServiceCB=CLOSED;gateway:paymentServiceCB=CLOSED;order:inventoryServiceCB=CLOSED;order:sharedDbCB=CLOSED;inventory:paymentServiceCB=CLOSED;inventory:sharedDbCB=CLOSED;payment:notificationServiceCB=CLOSED;payment:sharedDbCB=CLOSED;notification:sharedDbCB=CLOSED,gateway:orderServiceCB=0;gateway:inventoryServiceCB=0;gateway:paymentServiceCB=0;order:inventoryServiceCB=0;order:sharedDbCB=0;inventory:paymentServiceCB=0;inventory:sharedDbCB=0;payment:notificationServiceCB=0;payment:sharedDbCB=0;notification:sharedDbCB=0,200,20.702,20260929,37,,10,9.694105210442844,0.01763728292159643,,,jay-mac,,,1790799015.865432,2026-09-30T20:10:15.875722362Z[Etc/UTC],5,1790799051.030751,35.165,1,64.028,half_open_to_closed,False,
LIN-LAT-TIM-T50-W5-D15,LINEAR,LATENCY,TIME_BASED,50,5,15,5,LOCAL,recovery-control,1,2026-09-30T20:13:07Z,,3.845,,,,,,True,,19.853,gateway:orderServiceCB=CLOSED;gateway:inventoryServiceCB=CLOSED;gateway:paymentServiceCB=CLOSED;order:inventoryServiceCB=CLOSED;order:sharedDbCB=CLOSED;inventory:paymentServiceCB=CLOSED;inventory:sharedDbCB=CLOSED;payment:notificationServiceCB=CLOSED;payment:sharedDbCB=CLOSED;notification:sharedDbCB=CLOSED,gateway:orderServiceCB=0;gateway:inventoryServiceCB=0;gateway:paymentServiceCB=0;order:inventoryServiceCB=0;order:sharedDbCB=0;inventory:paymentServiceCB=0;inventory:sharedDbCB=0;payment:notificationServiceCB=0;payment:sharedDbCB=0;notification:sharedDbCB=0,200,20.730,20260929,38,,10,9.681365129670162,0.01683906932769537,,,jay-mac,,,1790799153.024655,2026-09-30T20:12:33.009419047Z[Etc/UTC],5,1790799173.168535,20.144,1,33.964,half_open_to_closed,False,
LIN-LAT-TIM-T50-W20-D15,LINEAR,LATENCY,TIME_BASED,50,20,15,5,LOCAL,recovery-control,3,2026-09-30T20:15:09Z,,11.732,,,,,,True,,26.713,gateway:orderServiceCB=CLOSED;gateway:inventoryServiceCB=CLOSED;gateway:paymentServiceCB=CLOSED;order:inventoryServiceCB=CLOSED;order:sharedDbCB=CLOSED;inventory:paymentServiceCB=CLOSED;inventory:sharedDbCB=CLOSED;payment:notificationServiceCB=CLOSED;payment:sharedDbCB=CLOSED;notification:sharedDbCB=CLOSED,gateway:orderServiceCB=0;gateway:inventoryServiceCB=0;gateway:paymentServiceCB=0;order:inventoryServiceCB=0;order:sharedDbCB=0;inventory:paymentServiceCB=0;inventory:sharedDbCB=0;payment:notificationServiceCB=0;payment:sharedDbCB=0;notification:sharedDbCB=0,200,20.737,20260929,39,,10,9.682954292322632,0.017079815479475846,,,jay-mac,,,1790799274.9862301,2026-09-30T20:14:35.060887333Z[Etc/UTC],5,1790799295.0716648,20.085,1,33.948,half_open_to_closed,False,
LIN-LAT-CNT-T50-W10-D5,LINEAR,LATENCY,COUNT_BASED,50,10,5,5,LOCAL,recovery-control,3,2026-09-30T20:16:41Z,,3.495,,,,,,True,,26.032,gateway:orderServiceCB=CLOSED;gateway:inventoryServiceCB=CLOSED;gateway:paymentServiceCB=CLOSED;order:inventoryServiceCB=CLOSED;order:sharedDbCB=CLOSED;inventory:paymentServiceCB=CLOSED;inventory:sharedDbCB=CLOSED;payment:notificationServiceCB=CLOSED;payment:sharedDbCB=CLOSED;notification:sharedDbCB=CLOSED,gateway:orderServiceCB=0;gateway:inventoryServiceCB=0;gateway:paymentServiceCB=0;order:inventoryServiceCB=0;order:sharedDbCB=0;inventory:paymentServiceCB=0;inventory:sharedDbCB=0;payment:notificationServiceCB=0;payment:sharedDbCB=0;notification:sharedDbCB=0,200,20.685,20260929,40,,10,9.667038379939623,0.017061816857050254,,,jay-mac,,,1790799387.842626,2026-09-30T20:16:27.888659632Z[Etc/UTC],5,1790799397.9939232,10.151,1,13.943,half_open_to_closed,False,
LIN-LAT-TIM-T50-W5-D30,LINEAR,LATENCY,TIME_BASED,50,5,30,5,LOCAL,recovery-control,2,2026-09-30T20:19:06Z,,4.374,,,,,,True,,26.757,gateway:orderServiceCB=CLOSED;gateway:inventoryServiceCB=CLOSED;gateway:paymentServiceCB=CLOSED;order:inventoryServiceCB=CLOSED;order:sharedDbCB=CLOSED;inventory:paymentServiceCB=CLOSED;inventory:sharedDbCB=CLOSED;payment:notificationServiceCB=CLOSED;payment:sharedDbCB=CLOSED;notification:sharedDbCB=CLOSED,gateway:orderServiceCB=0;gateway:inventoryServiceCB=0;gateway:paymentServiceCB=0;order:inventoryServiceCB=0;order:sharedDbCB=0;inventory:paymentServiceCB=0;inventory:sharedDbCB=0;payment:notificationServiceCB=0;payment:sharedDbCB=0;notification:sharedDbCB=0,200,20.745,20260929,41,,10,9.681251176225414,0.01658586970538914,,,jay-mac,,,1790799482.010428,2026-09-30T20:18:01.999567031Z[Etc/UTC],5,1790799517.2097468,35.199,1,63.914,half_open_to_closed,False,
LIN-LAT-TIM-T50-W20-D15,LINEAR,LATENCY,TIME_BASED,50,20,15,5,LOCAL,recovery-control,1,2026-09-30T20:21:00Z,,11.834,,,,,,True,,19.564,gateway:orderServiceCB=CLOSED;gateway:inventoryServiceCB=CLOSED;gateway:paymentServiceCB=CLOSED;order:inventoryServiceCB=CLOSED;order:sharedDbCB=CLOSED;inventory:paymentServiceCB=CLOSED;inventory:sharedDbCB=CLOSED;payment:notificationServiceCB=CLOSED;payment:sharedDbCB=CLOSED;notification:sharedDbCB=CLOSED,gateway:orderServiceCB=0;gateway:inventoryServiceCB=0;gateway:paymentServiceCB=0;order:inventoryServiceCB=0;order:sharedDbCB=0;inventory:paymentServiceCB=0;inventory:sharedDbCB=0;payment:notificationServiceCB=0;payment:sharedDbCB=0;notification:sharedDbCB=0,200,20.647,20260929,42,,10,9.688532199768671,0.016837406500844383,,,jay-mac,,,1790799626.6881468,2026-09-30T20:20:26.776545540Z[Etc/UTC],5,1790799646.813266,20.125,1,33.884,half_open_to_closed,False,
LIN-LAT-TIM-T70-W10-D30,LINEAR,LATENCY,TIME_BASED,70,10,30,5,LOCAL,recovery-control,3,2026-09-30T20:23:26Z,,8.512,,,,,,True,,24.433,gateway:orderServiceCB=CLOSED;gateway:inventoryServiceCB=CLOSED;gateway:paymentServiceCB=CLOSED;order:inventoryServiceCB=CLOSED;order:sharedDbCB=CLOSED;inventory:paymentServiceCB=CLOSED;inventory:sharedDbCB=CLOSED;payment:notificationServiceCB=CLOSED;payment:sharedDbCB=CLOSED;notification:sharedDbCB=CLOSED,gateway:orderServiceCB=0;gateway:inventoryServiceCB=0;gateway:paymentServiceCB=0;order:inventoryServiceCB=0;order:sharedDbCB=0;inventory:paymentServiceCB=0;inventory:sharedDbCB=0;payment:notificationServiceCB=0;payment:sharedDbCB=0;notification:sharedDbCB=0,200,20.758,20260929,43,,10,9.683700965609859,0.016031329997194362,,,jay-mac,,,1790799743.019606,2026-09-30T20:22:23.031440398Z[Etc/UTC],5,1790799778.143125,35.124,1,63.73,half_open_to_closed,False,
LIN-LAT-CNT-T70-W10-D5,LINEAR,LATENCY,COUNT_BASED,70,10,5,5,LOCAL,recovery-control,1,2026-09-30T20:25:01Z,,3.744,,,,,,True,,26.796,gateway:orderServiceCB=CLOSED;gateway:inventoryServiceCB=CLOSED;gateway:paymentServiceCB=CLOSED;order:inventoryServiceCB=CLOSED;order:sharedDbCB=CLOSED;inventory:paymentServiceCB=CLOSED;inventory:sharedDbCB=CLOSED;payment:notificationServiceCB=CLOSED;payment:sharedDbCB=CLOSED;notification:sharedDbCB=CLOSED,gateway:orderServiceCB=0;gateway:inventoryServiceCB=0;gateway:paymentServiceCB=0;order:inventoryServiceCB=0;order:sharedDbCB=0;inventory:paymentServiceCB=0;inventory:sharedDbCB=0;payment:notificationServiceCB=0;payment:sharedDbCB=0;notification:sharedDbCB=0,200,20.711,20260929,44,,10,9.6766893035494,0.016698363060805528,,,jay-mac,,,1790799887.121375,2026-09-30T20:24:47.121930088Z[Etc/UTC],5,1790799897.19053,10.069,1,13.938,half_open_to_closed,False,
LIN-LAT-CNT-T50-W10-D30,LINEAR,LATENCY,COUNT_BASED,50,10,30,5,LOCAL,recovery-control,2,2026-09-30T20:27:24Z,,3.516,,,,,,True,,26.652,gateway:orderServiceCB=CLOSED;gateway:inventoryServiceCB=CLOSED;gateway:paymentServiceCB=CLOSED;order:inventoryServiceCB=CLOSED;order:sharedDbCB=CLOSED;inventory:paymentServiceCB=CLOSED;inventory:sharedDbCB=CLOSED;payment:notificationServiceCB=CLOSED;payment:sharedDbCB=CLOSED;notification:sharedDbCB=CLOSED,gateway:orderServiceCB=0;gateway:inventoryServiceCB=0;gateway:paymentServiceCB=0;order:inventoryServiceCB=0;order:sharedDbCB=0;inventory:paymentServiceCB=0;inventory:sharedDbCB=0;payment:notificationServiceCB=0;payment:sharedDbCB=0;notification:sharedDbCB=0,200,20.720,20260929,45,,10,9.686922066067847,0.016330044283801762,,,jay-mac,,,1790799980.6708312,2026-09-30T20:26:20.678943036Z[Etc/UTC],5,1790800015.885857,35.215,1,63.731,half_open_to_closed,False,
LIN-LAT-TIM-T50-W5-D15,LINEAR,LATENCY,TIME_BASED,50,5,15,5,LOCAL,recovery-control,3,2026-09-30T20:29:22Z,,4.176,,,,,,True,,30.840,gateway:orderServiceCB=CLOSED;gateway:inventoryServiceCB=CLOSED;gateway:paymentServiceCB=CLOSED;order:inventoryServiceCB=CLOSED;order:sharedDbCB=CLOSED;inventory:paymentServiceCB=CLOSED;inventory:sharedDbCB=CLOSED;payment:notificationServiceCB=CLOSED;payment:sharedDbCB=CLOSED;notification:sharedDbCB=CLOSED,gateway:orderServiceCB=0;gateway:inventoryServiceCB=0;gateway:paymentServiceCB=0;order:inventoryServiceCB=0;order:sharedDbCB=0;inventory:paymentServiceCB=0;inventory:sharedDbCB=0;payment:notificationServiceCB=0;payment:sharedDbCB=0;notification:sharedDbCB=0,200,20.702,20260929,46,,10,9.671081045103058,0.015881079762919616,,,jay-mac,,,1790800128.950222,2026-09-30T20:28:49.007429718Z[Etc/UTC],5,1790800149.0340521,20.084,1,33.808,half_open_to_closed,False,
LIN-LAT-TIM-T50-W5-D5,LINEAR,LATENCY,TIME_BASED,50,5,5,5,LOCAL,recovery-control,1,2026-09-30T20:30:56Z,,3.871,,,,,,True,,25.717,gateway:orderServiceCB=CLOSED;gateway:inventoryServiceCB=CLOSED;gateway:paymentServiceCB=CLOSED;order:inventoryServiceCB=CLOSED;order:sharedDbCB=CLOSED;inventory:paymentServiceCB=CLOSED;inventory:sharedDbCB=CLOSED;payment:notificationServiceCB=CLOSED;payment:sharedDbCB=CLOSED;notification:sharedDbCB=CLOSED,gateway:orderServiceCB=0;gateway:inventoryServiceCB=0;gateway:paymentServiceCB=0;order:inventoryServiceCB=0;order:sharedDbCB=0;inventory:paymentServiceCB=0;inventory:sharedDbCB=0;payment:notificationServiceCB=0;payment:sharedDbCB=0;notification:sharedDbCB=0,200,20.708,20260929,47,,10,9.67701520122359,0.01614877685397592,,,jay-mac,,,1790800241.98132,2026-09-30T20:30:42.066975164Z[Etc/UTC],5,1790800252.089352,10.108,1,13.927,half_open_to_closed,False,
LIN-LAT-CNT-T50-W20-D15,LINEAR,LATENCY,COUNT_BASED,50,20,15,5,LOCAL,recovery-control,3,2026-09-30T20:32:43Z,,4.055,,,,,,True,,20.100,gateway:orderServiceCB=CLOSED;gateway:inventoryServiceCB=CLOSED;gateway:paymentServiceCB=CLOSED;order:inventoryServiceCB=CLOSED;order:sharedDbCB=CLOSED;inventory:paymentServiceCB=CLOSED;inventory:sharedDbCB=CLOSED;payment:notificationServiceCB=CLOSED;payment:sharedDbCB=CLOSED;notification:sharedDbCB=CLOSED,gateway:orderServiceCB=0;gateway:inventoryServiceCB=0;gateway:paymentServiceCB=0;order:inventoryServiceCB=0;order:sharedDbCB=0;inventory:paymentServiceCB=0;inventory:sharedDbCB=0;payment:notificationServiceCB=0;payment:sharedDbCB=0;notification:sharedDbCB=0,200,20.690,20260929,48,,10,9.679110025418746,0.01684358358445849,,,jay-mac,,,1790800329.496033,2026-09-30T20:32:09.499285663Z[Etc/UTC],5,1790800349.579736,20.084,1,33.796,half_open_to_closed,False,
LIN-LAT-CNT-T50-W5-D15,LINEAR,LATENCY,COUNT_BASED,50,5,15,5,LOCAL,recovery-control,3,2026-09-30T20:34:36Z,,3.28,,,,,,True,,26.013,gateway:orderServiceCB=CLOSED;gateway:inventoryServiceCB=CLOSED;gateway:paymentServiceCB=CLOSED;order:inventoryServiceCB=CLOSED;order:sharedDbCB=CLOSED;inventory:paymentServiceCB=CLOSED;inventory:sharedDbCB=CLOSED;payment:notificationServiceCB=CLOSED;payment:sharedDbCB=CLOSED;notification:sharedDbCB=CLOSED,gateway:orderServiceCB=0;gateway:inventoryServiceCB=0;gateway:paymentServiceCB=0;order:inventoryServiceCB=0;order:sharedDbCB=0;inventory:paymentServiceCB=0;inventory:sharedDbCB=0;payment:notificationServiceCB=0;payment:sharedDbCB=0;notification:sharedDbCB=0,200,20.679,20260929,49,,10,9.694677535694796,0.020682824309903446,,,jay-mac,,,1790800442.51199,2026-09-30T20:34:02.532548800Z[Etc/UTC],5,1790800462.6079519,20.096,1,33.931,half_open_to_closed,False,
LIN-LAT-CNT-T50-W20-D15,LINEAR,LATENCY,COUNT_BASED,50,20,15,5,LOCAL,recovery-control,2,2026-09-30T20:36:30Z,,4.075,,,,,,True,,26.585,gateway:orderServiceCB=CLOSED;gateway:inventoryServiceCB=CLOSED;gateway:paymentServiceCB=CLOSED;order:inventoryServiceCB=CLOSED;order:sharedDbCB=CLOSED;inventory:paymentServiceCB=CLOSED;inventory:sharedDbCB=CLOSED;payment:notificationServiceCB=CLOSED;payment:sharedDbCB=CLOSED;notification:sharedDbCB=CLOSED,gateway:orderServiceCB=0;gateway:inventoryServiceCB=0;gateway:paymentServiceCB=0;order:inventoryServiceCB=0;order:sharedDbCB=0;inventory:paymentServiceCB=0;inventory:sharedDbCB=0;payment:notificationServiceCB=0;payment:sharedDbCB=0;notification:sharedDbCB=0,200,20.700,20260929,50,,10,9.689114900669596,0.01999521257659827,,,jay-mac,,,1790800556.574223,2026-09-30T20:35:56.567485042Z[Etc/UTC],5,1790800576.646753,20.073,1,33.909,half_open_to_closed,False,
LIN-LAT-CNT-T70-W10-D15,LINEAR,LATENCY,COUNT_BASED,70,10,15,5,LOCAL,recovery-control,3,2026-09-30T20:38:25Z,,3.741,,,,,,True,,28.634,gateway:orderServiceCB=CLOSED;gateway:inventoryServiceCB=CLOSED;gateway:paymentServiceCB=CLOSED;order:inventoryServiceCB=CLOSED;order:sharedDbCB=CLOSED;inventory:paymentServiceCB=CLOSED;inventory:sharedDbCB=CLOSED;payment:notificationServiceCB=CLOSED;payment:sharedDbCB=CLOSED;notification:sharedDbCB=CLOSED,gateway:orderServiceCB=0;gateway:inventoryServiceCB=0;gateway:paymentServiceCB=0;order:inventoryServiceCB=0;order:sharedDbCB=0;inventory:paymentServiceCB=0;inventory:sharedDbCB=0;payment:notificationServiceCB=0;payment:sharedDbCB=0;notification:sharedDbCB=0,200,20.685,20260929,51,,10,9.696375777456085,0.01669315079280584,,,jay-mac,,,1790800672.1400719,2026-09-30T20:37:52.006498904Z[Etc/UTC],5,1790800692.3135319,20.173,1,33.908,half_open_to_closed,False,
LIN-LAT-TIM-T70-W10-D5,LINEAR,LATENCY,TIME_BASED,70,10,5,5,LOCAL,recovery-control,1,2026-09-30T20:40:17Z,,7.966,,,,,,True,,34.378,gateway:orderServiceCB=CLOSED;gateway:inventoryServiceCB=CLOSED;gateway:paymentServiceCB=CLOSED;order:inventoryServiceCB=CLOSED;order:sharedDbCB=CLOSED;inventory:paymentServiceCB=CLOSED;inventory:sharedDbCB=CLOSED;payment:notificationServiceCB=CLOSED;payment:sharedDbCB=CLOSED;notification:sharedDbCB=CLOSED,gateway:orderServiceCB=0;gateway:inventoryServiceCB=0;gateway:paymentServiceCB=0;order:inventoryServiceCB=0;order:sharedDbCB=0;inventory:paymentServiceCB=0;inventory:sharedDbCB=0;payment:notificationServiceCB=0;payment:sharedDbCB=0;notification:sharedDbCB=0,200,20.781,20260929,52,,10,9.684779089151425,0.017207604618706053,,,jay-mac,,,1790800803.024197,2026-09-30T20:40:03.012356560Z[Etc/UTC],5,1790800813.29299,10.269,1,13.942,half_open_to_closed,False,
LIN-LAT-TIM-T50-W10-D15,LINEAR,LATENCY,TIME_BASED,50,10,15,5,LOCAL,recovery-control,2,2026-09-30T20:42:27Z,,6.768,,,,,,True,,34.422,gateway:orderServiceCB=CLOSED;gateway:inventoryServiceCB=CLOSED;gateway:paymentServiceCB=CLOSED;order:inventoryServiceCB=CLOSED;order:sharedDbCB=CLOSED;inventory:paymentServiceCB=CLOSED;inventory:sharedDbCB=CLOSED;payment:notificationServiceCB=CLOSED;payment:sharedDbCB=CLOSED;notification:sharedDbCB=CLOSED,gateway:orderServiceCB=0;gateway:inventoryServiceCB=0;gateway:paymentServiceCB=0;order:inventoryServiceCB=0;order:sharedDbCB=0;inventory:paymentServiceCB=0;inventory:sharedDbCB=0;payment:notificationServiceCB=0;payment:sharedDbCB=0;notification:sharedDbCB=0,200,20.802,20260929,53,,10,9.67603330897612,0.020973634763611488,,,jay-mac,,,1790800913.0510788,2026-09-30T20:41:53.093002815Z[Etc/UTC],5,1790800933.1626902,20.112,1,33.917,half_open_to_closed,False,
LIN-LAT-TIM-T50-W10-D15,LINEAR,LATENCY,TIME_BASED,50,10,15,5,LOCAL,recovery-control,3,2026-09-30T20:44:38Z,,6.826,,,,,,True,,40.806,gateway:orderServiceCB=CLOSED;gateway:inventoryServiceCB=CLOSED;gateway:paymentServiceCB=CLOSED;order:inventoryServiceCB=CLOSED;order:sharedDbCB=CLOSED;inventory:paymentServiceCB=CLOSED;inventory:sharedDbCB=CLOSED;payment:notificationServiceCB=CLOSED;payment:sharedDbCB=CLOSED;notification:sharedDbCB=CLOSED,gateway:orderServiceCB=0;gateway:inventoryServiceCB=0;gateway:paymentServiceCB=0;order:inventoryServiceCB=0;order:sharedDbCB=0;inventory:paymentServiceCB=0;inventory:sharedDbCB=0;payment:notificationServiceCB=0;payment:sharedDbCB=0;notification:sharedDbCB=0,200,20.783,20260929,54,,10,9.659469783272154,0.0394843483885516,,,jay-mac,,,1790801044.6777,2026-09-30T20:44:04.713769518Z[Etc/UTC],5,1790801064.7940311,20.116,1,33.939,half_open_to_closed,False,
LIN-LAT-TIM-T50-W10-D15,LINEAR,LATENCY,TIME_BASED,50,10,15,5,LOCAL,recovery-control,1,2026-09-30T20:46:36Z,,6.67,,,,,,True,,27.030,gateway:orderServiceCB=CLOSED;gateway:inventoryServiceCB=CLOSED;gateway:paymentServiceCB=CLOSED;order:inventoryServiceCB=CLOSED;order:sharedDbCB=CLOSED;inventory:paymentServiceCB=CLOSED;inventory:sharedDbCB=CLOSED;payment:notificationServiceCB=CLOSED;payment:sharedDbCB=CLOSED;notification:sharedDbCB=CLOSED,gateway:orderServiceCB=0;gateway:inventoryServiceCB=0;gateway:paymentServiceCB=0;order:inventoryServiceCB=0;order:sharedDbCB=0;inventory:paymentServiceCB=0;inventory:sharedDbCB=0;payment:notificationServiceCB=0;payment:sharedDbCB=0;notification:sharedDbCB=0,200,20.717,20260929,55,,10,9.685027893050492,0.01922214910635856,,,jay-mac,,,1790801162.054053,2026-09-30T20:46:02.061467852Z[Etc/UTC],5,1790801182.181321,20.127,1,33.924,half_open_to_closed,False,
LIN-LAT-CNT-T70-W10-D5,LINEAR,LATENCY,COUNT_BASED,70,10,5,5,LOCAL,recovery-control,3,2026-09-30T20:48:07Z,,3.964,,,,,,True,,24.109,gateway:orderServiceCB=CLOSED;gateway:inventoryServiceCB=CLOSED;gateway:paymentServiceCB=CLOSED;order:inventoryServiceCB=CLOSED;order:sharedDbCB=CLOSED;inventory:paymentServiceCB=CLOSED;inventory:sharedDbCB=CLOSED;payment:notificationServiceCB=CLOSED;payment:sharedDbCB=CLOSED;notification:sharedDbCB=CLOSED,gateway:orderServiceCB=0;gateway:inventoryServiceCB=0;gateway:paymentServiceCB=0;order:inventoryServiceCB=0;order:sharedDbCB=0;inventory:paymentServiceCB=0;inventory:sharedDbCB=0;payment:notificationServiceCB=0;payment:sharedDbCB=0;notification:sharedDbCB=0,200,20.633,20260929,56,,10,9.646470533547067,0.059678874778046086,,,jay-mac,,,1790801273.2708962,2026-09-30T20:47:53.047768966Z[Etc/UTC],5,1790801283.454222,10.183,1,13.881,half_open_to_closed,False,
LIN-LAT-TIM-T70-W10-D30,LINEAR,LATENCY,TIME_BASED,70,10,30,5,LOCAL,recovery-control,1,2026-09-30T20:50:44Z,,8.247,,,,,,True,,29.256,gateway:orderServiceCB=CLOSED;gateway:inventoryServiceCB=CLOSED;gateway:paymentServiceCB=CLOSED;order:inventoryServiceCB=CLOSED;order:sharedDbCB=CLOSED;inventory:paymentServiceCB=CLOSED;inventory:sharedDbCB=CLOSED;payment:notificationServiceCB=CLOSED;payment:sharedDbCB=CLOSED;notification:sharedDbCB=CLOSED,gateway:orderServiceCB=0;gateway:inventoryServiceCB=0;gateway:paymentServiceCB=0;order:inventoryServiceCB=0;order:sharedDbCB=0;inventory:paymentServiceCB=0;inventory:sharedDbCB=0;payment:notificationServiceCB=0;payment:sharedDbCB=0;notification:sharedDbCB=0,200,20.674,20260929,57,,10,9.691372139746415,0.021057332940090347,,,jay-mac,,,1790801380.039287,2026-09-30T20:49:40.095604489Z[Etc/UTC],5,1790801415.10078,35.061,1,63.933,half_open_to_closed,False,
LIN-LAT-CNT-T70-W10-D15,LINEAR,LATENCY,COUNT_BASED,70,10,15,5,LOCAL,recovery-control,1,2026-09-30T20:52:34Z,,3.741,,,,,,True,,22.837,gateway:orderServiceCB=CLOSED;gateway:inventoryServiceCB=CLOSED;gateway:paymentServiceCB=CLOSED;order:inventoryServiceCB=CLOSED;order:sharedDbCB=CLOSED;inventory:paymentServiceCB=CLOSED;inventory:sharedDbCB=CLOSED;payment:notificationServiceCB=CLOSED;payment:sharedDbCB=CLOSED;notification:sharedDbCB=CLOSED,gateway:orderServiceCB=0;gateway:inventoryServiceCB=0;gateway:paymentServiceCB=0;order:inventoryServiceCB=0;order:sharedDbCB=0;inventory:paymentServiceCB=0;inventory:sharedDbCB=0;payment:notificationServiceCB=0;payment:sharedDbCB=0;notification:sharedDbCB=0,200,20.728,20260929,58,,10,9.677844462966544,0.017250336587115604,,,jay-mac,,,1790801520.0785751,2026-09-30T20:52:00.084298217Z[Etc/UTC],5,1790801540.187969,20.109,1,33.903,half_open_to_closed,False,
LIN-LAT-CNT-T50-W10-D5,LINEAR,LATENCY,COUNT_BASED,50,10,5,5,LOCAL,recovery-control,2,2026-09-30T20:54:19Z,,3.501,,,,,,True,,37.621,gateway:orderServiceCB=CLOSED;gateway:inventoryServiceCB=CLOSED;gateway:paymentServiceCB=CLOSED;order:inventoryServiceCB=CLOSED;order:sharedDbCB=CLOSED;inventory:paymentServiceCB=CLOSED;inventory:sharedDbCB=CLOSED;payment:notificationServiceCB=CLOSED;payment:sharedDbCB=CLOSED;notification:sharedDbCB=CLOSED,gateway:orderServiceCB=0;gateway:inventoryServiceCB=0;gateway:paymentServiceCB=0;order:inventoryServiceCB=0;order:sharedDbCB=0;inventory:paymentServiceCB=0;inventory:sharedDbCB=0;payment:notificationServiceCB=0;payment:sharedDbCB=0;notification:sharedDbCB=0,200,20.720,20260929,59,,10,9.677553704587389,0.016130131898148024,,,jay-mac,,,1790801644.95242,2026-09-30T20:54:04.979502467Z[Etc/UTC],5,1790801655.145241,10.193,1,13.957,half_open_to_closed,False,
LIN-LAT-CNT-T50-W5-D5,LINEAR,LATENCY,COUNT_BASED,50,5,5,5,LOCAL,recovery-control,1,2026-09-30T20:55:54Z,,3.269,,,,,,True,,23.367,gateway:orderServiceCB=CLOSED;gateway:inventoryServiceCB=CLOSED;gateway:paymentServiceCB=CLOSED;order:inventoryServiceCB=CLOSED;order:sharedDbCB=CLOSED;inventory:paymentServiceCB=CLOSED;inventory:sharedDbCB=CLOSED;payment:notificationServiceCB=CLOSED;payment:sharedDbCB=CLOSED;notification:sharedDbCB=CLOSED,gateway:orderServiceCB=0;gateway:inventoryServiceCB=0;gateway:paymentServiceCB=0;order:inventoryServiceCB=0;order:sharedDbCB=0;inventory:paymentServiceCB=0;inventory:sharedDbCB=0;payment:notificationServiceCB=0;payment:sharedDbCB=0;notification:sharedDbCB=0,200,20.696,20260929,60,,10,9.669803321970173,0.03604133342952738,,,jay-mac,,,1790801739.9128509,2026-09-30T20:55:39.925188093Z[Etc/UTC],5,1790801750.127937,10.215,1,13.98,half_open_to_closed,False,
LIN-LAT-CNT-T50-W10-D30,LINEAR,LATENCY,COUNT_BASED,50,10,30,5,LOCAL,recovery-control,3,2026-09-30T20:58:25Z,,3.516,,,,,,True,,34.340,gateway:orderServiceCB=CLOSED;gateway:inventoryServiceCB=CLOSED;gateway:paymentServiceCB=CLOSED;order:inventoryServiceCB=CLOSED;order:sharedDbCB=CLOSED;inventory:paymentServiceCB=CLOSED;inventory:sharedDbCB=CLOSED;payment:notificationServiceCB=CLOSED;payment:sharedDbCB=CLOSED;notification:sharedDbCB=CLOSED,gateway:orderServiceCB=0;gateway:inventoryServiceCB=0;gateway:paymentServiceCB=0;order:inventoryServiceCB=0;order:sharedDbCB=0;inventory:paymentServiceCB=0;inventory:sharedDbCB=0;payment:notificationServiceCB=0;payment:sharedDbCB=0;notification:sharedDbCB=0,200,20.726,20260929,61,,10,9.689614694752068,0.017340968895163972,,,jay-mac,,,1790801840.956486,2026-09-30T20:57:20.984142901Z[Etc/UTC],5,1790801876.0650492,35.109,1,63.973,half_open_to_closed,False,
LIN-LAT-TIM-T50-W5-D5,LINEAR,LATENCY,TIME_BASED,50,5,5,5,LOCAL,recovery-control,2,2026-09-30T20:59:55Z,,4.282,,,,,,True,,21.427,gateway:orderServiceCB=CLOSED;gateway:inventoryServiceCB=CLOSED;gateway:paymentServiceCB=CLOSED;order:inventoryServiceCB=CLOSED;order:sharedDbCB=CLOSED;inventory:paymentServiceCB=CLOSED;inventory:sharedDbCB=CLOSED;payment:notificationServiceCB=CLOSED;payment:sharedDbCB=CLOSED;notification:sharedDbCB=CLOSED,gateway:orderServiceCB=0;gateway:inventoryServiceCB=0;gateway:paymentServiceCB=0;order:inventoryServiceCB=0;order:sharedDbCB=0;inventory:paymentServiceCB=0;inventory:sharedDbCB=0;payment:notificationServiceCB=0;payment:sharedDbCB=0;notification:sharedDbCB=0,200,20.740,20260929,62,,10,9.709774841531408,0.018058367930127047,,,jay-mac,,,1790801980.947072,2026-09-30T20:59:41.023445873Z[Etc/UTC],5,1790801991.11134,10.164,1,13.976,half_open_to_closed,False,
LIN-LAT-TIM-T50-W20-D30,LINEAR,LATENCY,TIME_BASED,50,20,30,5,LOCAL,recovery-control,2,2026-09-30T21:02:19Z,,11.839,,,,,,True,,19.659,gateway:orderServiceCB=CLOSED;gateway:inventoryServiceCB=CLOSED;gateway:paymentServiceCB=CLOSED;order:inventoryServiceCB=CLOSED;order:sharedDbCB=CLOSED;inventory:paymentServiceCB=CLOSED;inventory:sharedDbCB=CLOSED;payment:notificationServiceCB=CLOSED;payment:sharedDbCB=CLOSED;notification:sharedDbCB=CLOSED,gateway:orderServiceCB=0;gateway:inventoryServiceCB=0;gateway:paymentServiceCB=0;order:inventoryServiceCB=0;order:sharedDbCB=0;inventory:paymentServiceCB=0;inventory:sharedDbCB=0;payment:notificationServiceCB=0;payment:sharedDbCB=0;notification:sharedDbCB=0,200,20.730,20260929,63,,10,9.67846552455106,0.018926656487047805,,,jay-mac,,,1790802075.605265,2026-09-30T21:01:15.609399330Z[Etc/UTC],5,1790802110.786643,35.181,1,63.902,half_open_to_closed,False,
LIN-LAT-CNT-T70-W10-D15,LINEAR,LATENCY,COUNT_BASED,70,10,15,5,LOCAL,recovery-control,2,2026-09-30T21:04:10Z,,3.754,,,,,,True,,22.074,gateway:orderServiceCB=CLOSED;gateway:inventoryServiceCB=CLOSED;gateway:paymentServiceCB=CLOSED;order:inventoryServiceCB=CLOSED;order:sharedDbCB=CLOSED;inventory:paymentServiceCB=CLOSED;inventory:sharedDbCB=CLOSED;payment:notificationServiceCB=CLOSED;payment:sharedDbCB=CLOSED;notification:sharedDbCB=CLOSED,gateway:orderServiceCB=0;gateway:inventoryServiceCB=0;gateway:paymentServiceCB=0;order:inventoryServiceCB=0;order:sharedDbCB=0;inventory:paymentServiceCB=0;inventory:sharedDbCB=0;payment:notificationServiceCB=0;payment:sharedDbCB=0;notification:sharedDbCB=0,200,20.706,20260929,64,,10,9.660597967728396,0.031869566092401734,,,jay-mac,,,1790802216.2183528,2026-09-30T21:03:36.220107645Z[Etc/UTC],5,1790802236.3041332,20.086,1,34.041,half_open_to_closed,False,
LIN-LAT-TIM-T50-W20-D15,LINEAR,LATENCY,TIME_BASED,50,20,15,5,LOCAL,recovery-control,2,2026-09-30T21:06:20Z,,11.889,,,,,,True,,34.331,gateway:orderServiceCB=CLOSED;gateway:inventoryServiceCB=CLOSED;gateway:paymentServiceCB=CLOSED;order:inventoryServiceCB=CLOSED;order:sharedDbCB=CLOSED;inventory:paymentServiceCB=CLOSED;inventory:sharedDbCB=CLOSED;payment:notificationServiceCB=CLOSED;payment:sharedDbCB=CLOSED;notification:sharedDbCB=CLOSED,gateway:orderServiceCB=0;gateway:inventoryServiceCB=0;gateway:paymentServiceCB=0;order:inventoryServiceCB=0;order:sharedDbCB=0;inventory:paymentServiceCB=0;inventory:sharedDbCB=0;payment:notificationServiceCB=0;payment:sharedDbCB=0;notification:sharedDbCB=0,200,20.716,20260929,65,,10,9.606331436313122,0.06398433853370931,,,jay-mac,,,1790802346.053452,2026-09-30T21:05:46.135051387Z[Etc/UTC],5,1790802366.210504,20.157,1,34.038,half_open_to_closed,False,
LIN-LAT-CNT-T50-W10-D30,LINEAR,LATENCY,COUNT_BASED,50,10,30,5,LOCAL,recovery-control,1,2026-09-30T21:08:48Z,,3.519,,,,,,True,,25.917,gateway:orderServiceCB=CLOSED;gateway:inventoryServiceCB=CLOSED;gateway:paymentServiceCB=CLOSED;order:inventoryServiceCB=CLOSED;order:sharedDbCB=CLOSED;inventory:paymentServiceCB=CLOSED;inventory:sharedDbCB=CLOSED;payment:notificationServiceCB=CLOSED;payment:sharedDbCB=CLOSED;notification:sharedDbCB=CLOSED,gateway:orderServiceCB=0;gateway:inventoryServiceCB=0;gateway:paymentServiceCB=0;order:inventoryServiceCB=0;order:sharedDbCB=0;inventory:paymentServiceCB=0;inventory:sharedDbCB=0;payment:notificationServiceCB=0;payment:sharedDbCB=0;notification:sharedDbCB=0,200,20.703,20260929,66,,10,9.678262288356459,0.023200793140029347,,,jay-mac,,,1790802464.6615071,2026-09-30T21:07:44.691537971Z[Etc/UTC],5,1790802499.7239208,35.062,1,63.78,half_open_to_closed,False,
LIN-LAT-CNT-T70-W10-D5,LINEAR,LATENCY,COUNT_BASED,70,10,5,5,LOCAL,recovery-control,2,2026-09-30T21:10:28Z,,3.747,,,,,,True,,30.723,gateway:orderServiceCB=CLOSED;gateway:inventoryServiceCB=CLOSED;gateway:paymentServiceCB=CLOSED;order:inventoryServiceCB=CLOSED;order:sharedDbCB=CLOSED;inventory:paymentServiceCB=CLOSED;inventory:sharedDbCB=CLOSED;payment:notificationServiceCB=CLOSED;payment:sharedDbCB=CLOSED;notification:sharedDbCB=CLOSED,gateway:orderServiceCB=0;gateway:inventoryServiceCB=0;gateway:paymentServiceCB=0;order:inventoryServiceCB=0;order:sharedDbCB=0;inventory:paymentServiceCB=0;inventory:sharedDbCB=0;payment:notificationServiceCB=0;payment:sharedDbCB=0;notification:sharedDbCB=0,200,20.816,20260929,67,,10,9.611846706255063,0.05933408960702804,,,jay-mac,,,1790802614.2249331,2026-09-30T21:10:14.228039781Z[Etc/UTC],5,1790802624.924055,10.699,1,14.156,half_open_to_closed,False,
LIN-LAT-CNT-T50-W10-D5,LINEAR,LATENCY,COUNT_BASED,50,10,5,5,LOCAL,recovery-control,1,2026-09-30T21:12:17Z,,3.423,,,,,,True,,41.919,gateway:orderServiceCB=CLOSED;gateway:inventoryServiceCB=CLOSED;gateway:paymentServiceCB=CLOSED;order:inventoryServiceCB=CLOSED;order:sharedDbCB=CLOSED;inventory:paymentServiceCB=CLOSED;inventory:sharedDbCB=CLOSED;payment:notificationServiceCB=CLOSED;payment:sharedDbCB=CLOSED;notification:sharedDbCB=CLOSED,gateway:orderServiceCB=0;gateway:inventoryServiceCB=0;gateway:paymentServiceCB=0;order:inventoryServiceCB=0;order:sharedDbCB=0;inventory:paymentServiceCB=0;inventory:sharedDbCB=0;payment:notificationServiceCB=0;payment:sharedDbCB=0;notification:sharedDbCB=0,200,20.742,20260929,68,,10,9.671740016460443,0.0176777379472538,,,jay-mac,,,1790802723.209276,2026-09-30T21:12:03.228934491Z[Etc/UTC],5,1790802733.352902,10.144,1,14.039,half_open_to_closed,False,
LIN-LAT-TIM-T70-W10-D5,LINEAR,LATENCY,TIME_BASED,70,10,5,5,LOCAL,recovery-control,3,2026-09-30T21:13:55Z,,8.153,,,,,,True,,26.066,gateway:orderServiceCB=CLOSED;gateway:inventoryServiceCB=CLOSED;gateway:paymentServiceCB=CLOSED;order:inventoryServiceCB=CLOSED;order:sharedDbCB=CLOSED;inventory:paymentServiceCB=CLOSED;inventory:sharedDbCB=CLOSED;payment:notificationServiceCB=CLOSED;payment:sharedDbCB=CLOSED;notification:sharedDbCB=CLOSED,gateway:orderServiceCB=0;gateway:inventoryServiceCB=0;gateway:paymentServiceCB=0;order:inventoryServiceCB=0;order:sharedDbCB=0;inventory:paymentServiceCB=0;inventory:sharedDbCB=0;payment:notificationServiceCB=0;payment:sharedDbCB=0;notification:sharedDbCB=0,200,21.208,20260929,69,,10,9.667034666506867,0.03372682700399585,,,jay-mac,,,1790802821.0336819,2026-09-30T21:13:41.072231467Z[Etc/UTC],5,1790802831.24106,10.207,1,13.951,half_open_to_closed,False,
LIN-LAT-CNT-T50-W20-D5,LINEAR,LATENCY,COUNT_BASED,50,20,5,5,LOCAL,recovery-control,2,2026-09-30T21:15:37Z,,4.059,,,,,,True,,34.831,gateway:orderServiceCB=CLOSED;gateway:inventoryServiceCB=CLOSED;gateway:paymentServiceCB=CLOSED;order:inventoryServiceCB=CLOSED;order:sharedDbCB=CLOSED;inventory:paymentServiceCB=CLOSED;inventory:sharedDbCB=CLOSED;payment:notificationServiceCB=CLOSED;payment:sharedDbCB=CLOSED;notification:sharedDbCB=CLOSED,gateway:orderServiceCB=0;gateway:inventoryServiceCB=0;gateway:paymentServiceCB=0;order:inventoryServiceCB=0;order:sharedDbCB=0;inventory:paymentServiceCB=0;inventory:sharedDbCB=0;payment:notificationServiceCB=0;payment:sharedDbCB=0;notification:sharedDbCB=0,200,20.713,20260929,70,,10,9.648743557330985,0.032072518212106764,,,jay-mac,,,1790802923.229444,2026-09-30T21:15:23.162398414Z[Etc/UTC],5,1790802933.3171442,10.088,1,13.993,half_open_to_closed,False,
LIN-LAT-CNT-T70-W10-D30,LINEAR,LATENCY,COUNT_BASED,70,10,30,5,LOCAL,recovery-control,1,2026-09-30T21:18:10Z,,3.724,,,,,,True,,35.434,gateway:orderServiceCB=CLOSED;gateway:inventoryServiceCB=CLOSED;gateway:paymentServiceCB=CLOSED;order:inventoryServiceCB=CLOSED;order:sharedDbCB=CLOSED;inventory:paymentServiceCB=CLOSED;inventory:sharedDbCB=CLOSED;payment:notificationServiceCB=CLOSED;payment:sharedDbCB=CLOSED;notification:sharedDbCB=CLOSED,gateway:orderServiceCB=0;gateway:inventoryServiceCB=0;gateway:paymentServiceCB=0;order:inventoryServiceCB=0;order:sharedDbCB=0;inventory:paymentServiceCB=0;inventory:sharedDbCB=0;payment:notificationServiceCB=0;payment:sharedDbCB=0;notification:sharedDbCB=0,200,20.725,20260929,71,,10,9.700079803825789,0.03015283807487088,,,jay-mac,,,1790803026.916373,2026-09-30T21:17:06.942259005Z[Etc/UTC],5,1790803062.1024761,35.186,1,63.12,half_open_to_closed,False,
LIN-LAT-CNT-T50-W20-D30,LINEAR,LATENCY,COUNT_BASED,50,20,30,5,LOCAL,recovery-control,1,2026-09-30T21:20:44Z,,3.976,,,,,,True,,31.333,gateway:orderServiceCB=CLOSED;gateway:inventoryServiceCB=CLOSED;gateway:paymentServiceCB=CLOSED;order:inventoryServiceCB=CLOSED;order:sharedDbCB=CLOSED;inventory:paymentServiceCB=CLOSED;inventory:sharedDbCB=CLOSED;payment:notificationServiceCB=CLOSED;payment:sharedDbCB=CLOSED;notification:sharedDbCB=CLOSED,gateway:orderServiceCB=0;gateway:inventoryServiceCB=0;gateway:paymentServiceCB=0;order:inventoryServiceCB=0;order:sharedDbCB=0;inventory:paymentServiceCB=0;inventory:sharedDbCB=0;payment:notificationServiceCB=0;payment:sharedDbCB=0;notification:sharedDbCB=0,200,20.693,20260929,72,,10,9.704166394183407,0.0174601883969583,,,jay-mac,,,1790803180.516644,2026-09-30T21:19:40.506720383Z[Etc/UTC],5,1790803215.684086,35.167,1,63.648,half_open_to_closed,False,
