key_path,minimum_number_of_calls,minimum_number_of_calls_is_default,sliding_window_size,sliding_window_size_is_default,lambda_star,likely_tutorial
resilience4j.circuitbreaker.instances.lsGetOrganization,100,True,60,False,1.6666666666666667,True
resilience4j.circuitbreaker.instances.lsGetLicenses,5,False,60,False,0.08333333333333333,True
resilience4j.circuitbreaker.instances.getHotTopics,5,False,10,False,0.5,False
resilience4j.circuitbreaker.instances.lsGetOrganization,100,True,60,False,1.6666666666666667,True
resilience4j.circuitbreaker.instances.lsGetLicenses,5,False,60,False,0.08333333333333333,True
resilience4j.circuitbreaker.instances.lsGetOrganization,100,True,60,False,1.6666666666666667,True
resilience4j.circuitbreaker.instances.lsGetLicenses,5,False,60,False,0.08333333333333333,True
resilience4j.circuitbreaker.instances.lsGetOrganization,100,True,60,False,1.6666666666666667,True
resilience4j.circuitbreaker.instances.lsGetLicenses,5,False,60,False,0.08333333333333333,True
resilience4j.circuitbreaker.instances.genesyscircuit,100,True,30,False,3.3333333333333335,True
resilience4j.circuitbreaker.instances.genesysfallback,100,True,30,False,3.3333333333333335,True
resilience4j.circuitbreaker.configs.default,5,False,10,False,0.5,True
resilience4j.circuitbreaker.configs.default,5,False,10,False,0.5,False
resilience4j.circuitbreaker.instances.openAPI_getWeatherForecast,10,False,10,False,1.0,False
resilience4j.circuitbreaker.instances.openAPI_getMidLandForecast,10,False,10,False,1.0,False
resilience4j.circuitbreaker.instances.openAPI_getWeekWeatherForecast,10,False,10,False,1.0,False
superfake.facilities.faultTolerantExecutor.configurations.defaults.circuitBreaker,100,False,100,True,1.0,True
resilience4j.circuitbreaker.instances.gamesCB,4,False,10,False,0.4,False
resilience4j.circuitbreaker.instances.gamesCB,4,False,10,False,0.4,False
resilience4j.circuitbreaker.configs.default,1,False,1,False,1.0,True
resilience4j.circuitbreaker.instances.gamesCB,4,False,10,False,0.4,False
resilience4j.circuitbreaker.instances.gamesCB,4,False,10,False,0.4,False
resilience4j.circuitbreaker.instances.gamesCB,4,False,10,False,0.4,False
resilience4j.circuitbreaker.instances.productoCB,4,False,10,False,0.4,False
resilience4j.circuitbreaker.instances.allCB,4,False,10,False,0.4,False
resilience4j.circuitbreaker.instances.beCommon,20,False,10,False,2.0,False
resilience4j.circuitbreaker.instances.clientMovie,20,False,5,False,4.0,False
resilience4j.circuitbreaker.instances.clientSerie,20,False,5,False,4.0,False
resilience4j.circuitbreaker.instances.circuitbreakerInstance,2,False,30,False,0.06666666666666667,False
resilience4j.circuitbreaker.instances.userCB,4,False,10,False,0.4,False
resilience4j.circuitbreaker.instances.user_shoesCB,4,False,10,False,0.4,False
resilience4j.circuitbreaker.instances.circuitbreakerInstance,2,False,30,False,0.06666666666666667,False
resilience4j.circuitbreaker.instances.default,100,True,10,False,10.0,False
resilience4j.circuitbreaker.instances.roleCB,4,False,10,False,0.4,False
resilience4j.circuitbreaker.instances.questionCB,4,False,10,False,0.4,False
resilience4j.circuitbreaker.instances.concessionaire,4,False,10,False,0.4,False
resilience4j.circuitbreaker.configs.default,1,False,1,False,1.0,True
resilience4j.circuitbreaker.instances.user_status_buyCB,4,False,10,False,0.4,False
resilience4j.circuitbreaker.instances.category_supplierCB,4,False,10,False,0.4,False
resilience4j.circuitbreaker.configs.default,1,False,1,False,1.0,True
resilience4j.circuitbreaker.instance.directionsCB,100,True,60,False,1.6666666666666667,False
spring.cloud.gateway.routes.0.filters.2.args,10,False,60,False,0.16666666666666666,True
resilience4j.circuitbreaker.instances.userCB,4,False,10,False,0.4,False
resilience4j.circuitbreaker.instances.cityCB,4,False,10,False,0.4,False
resilience4j.circuitbreaker.instances.backendA,20,False,10,False,2.0,False
resilience4j.circuitbreaker.instances.backendB,20,False,10,False,2.0,False
resilience4j.circuitbreaker.instances.backendA,20,False,10,False,2.0,False
resilience4j.circuitbreaker.instances.backendB,20,False,10,False,2.0,False
resilience4j.circuitbreaker.instances.productListByIdCB,4,False,10,False,0.4,True
resilience4j.circuitbreaker.instances.clientListByIdCB,4,False,10,False,0.4,True
resilience4j.circuitbreaker.instances.productoListarPorIdCB,4,False,10,False,0.4,False
resilience4j.circuitbreaker.instances.clienteListarPorIdCB,4,False,10,False,0.4,False
resilience4j.circuitbreaker.instances.getConsumerGroups,5,False,10,False,0.5,False
resilience4j.circuitbreaker.configs.standard,10,False,10,False,1.0,False
resilience4j.circuitbreaker.configs.critical,5,False,10,False,0.5,False
resilience4j.circuitbreaker.configs.default,50,False,10,False,5.0,False
resilience4j.circuitbreaker.configs.default,7,False,10,False,0.7,False
resilience4j.circuitbreaker.instances.backendA,20,False,10,False,2.0,False
resilience4j.circuitbreaker.instances.backendB,20,False,10,False,2.0,False
resilience4j.circuitbreaker.instances.shoe_buyCB,4,False,10,False,0.4,False
resilience4j.circuitbreaker.instances.backendA,20,False,10,False,2.0,False
resilience4j.circuitbreaker.instances.backendB,20,False,10,False,2.0,False
resilience4j.circuitbreaker.instances.backendA,20,False,10,False,2.0,False
resilience4j.circuitbreaker.instances.backendB,20,False,10,False,2.0,False
resilience4j.circuitbreaker.configs.kyc,10,False,60,False,0.16666666666666666,True
resilience4j.circuitbreaker.instances.default,3,False,10,False,0.3,False
resilience4j.circuitbreaker.instances.backendB,20,False,10,False,2.0,False
resilience4j.circuitbreaker.instances.user-circuit-breaker,10,False,60,False,0.16666666666666666,True
resilience4j.circuitbreaker.instances.account-cb,5,False,10,False,0.5,False
resilience4j.circuitbreaker.instances.pedidoListarPorIdCB,4,False,10,False,0.4,False
resilience4j.circuitbreaker.instances.default,3,False,10,False,0.3,False
resilience4j.circuitbreaker.instances.kakaoPayApi,5,False,20,False,0.25,False
resilience4j.circuitbreaker.instances.pagoListarPorIdCB,4,False,10,False,0.4,False
resilience4j.circuitbreaker.instances.clienteListarByIdCB,4,False,10,False,0.4,False
resilience4j.circuitbreaker.instances.trabajadorListarByIdCB,4,False,10,False,0.4,False
resilience4j.circuitbreaker.instances.taskClientTasksByProjectId,4,False,10,False,0.4,False
resilience4j.circuitbreaker.instances.clienteListarByIdCB,4,False,10,False,0.4,False
resilience4j.circuitbreaker.instances.pedidoListarByIdCB,4,False,10,False,0.4,False
resilience4j.circuitbreaker.configs.default,10,False,10,False,1.0,False
resilience4j.circuitbreaker.configs.default,20,False,60,False,0.3333333333333333,False
resilience4j.circuitbreaker.configs.kyc-service,8,False,60,False,0.13333333333333333,False
resilience4j.circuitbreaker.configs.bank-integration,5,False,120,False,0.041666666666666664,False
resilience4j.circuitbreaker.instances.user-circuit-breaker,10,False,60,False,0.16666666666666666,True
resilience4j.circuitbreaker.instances.binList,20,False,10,False,2.0,False
resilience4j.circuitbreaker.instances.libroListarPorIdCB,4,False,10,False,0.4,False
resilience4j.circuitbreaker.instances.pedidoListarPorIdCB,4,False,10,False,0.4,False
resilience4j.circuitbreaker.instances.clienteListarPorIdCB,4,False,10,False,0.4,False
resilience4j.circuitbreaker.instances.productoListarPorIdCB,4,False,10,False,0.4,False
resilience4j.circuitbreaker.instances.usuarioListarPorIdCB,4,False,10,False,0.4,False
resilience4j.circuitbreaker.instances.account-cb,5,False,10,False,0.5,False
resilience4j.circuitbreaker.instances.rooms-cb,5,False,10,False,0.5,False
resilience4j.circuitbreaker.instances.project-app,4,False,10,False,0.4,False
resilience4j.circuitbreaker.instances.getUserAgeCircuitBreaker,3,False,10,False,0.3,False
resilience4j.circuitbreaker.instances.pedidoListarPorIdCB,4,False,10,False,0.4,False
resilience4j.circuitbreaker.instances.productoListarPorIdCB,4,False,10,False,0.4,False
resilience4j.circuitbreaker.instances.fallbackGetUserById,4,False,10,False,0.4,False
resilience4j.circuitbreaker.instances.fallbackGetEventById,4,False,10,False,0.4,False
resilience4j.circuitbreaker.instances.fallbackUpdateEventSpent,4,False,10,False,0.4,False
resilience4j.circuitbreaker.instances.fallbackCategoryById,4,False,10,False,0.4,False
resilience4j.circuitbreaker.instances.fallbackSubcategoryById,4,False,10,False,0.4,False
resilience4j.circuitbreaker.instances.fallbackCategoriesByUser,4,False,10,False,0.4,False
resilience4j.circuitbreaker.instances.productoListarByIdCB,4,False,10,False,0.4,False
resilience4j.circuitbreaker.instances.bordadoListarByIdCB,4,False,10,False,0.4,False
resilience4j.circuitbreaker.instances.colorListarByIdCB,4,False,10,False,0.4,False
resilience4j.circuitbreaker.instances.tamanoListarByIdCB,4,False,10,False,0.4,False
resilience4j.circuitbreaker.instances.clienteListarByIdCB,4,False,10,False,0.4,False
resilience4j.circuitbreaker.instances.estadoListarByIdCB,4,False,10,False,0.4,False
resilience4j.circuitbreaker.instances.historialEstadoPedidoCrearCB,4,False,10,False,0.4,False
resilience4j.circuitbreaker.instances.buscarByProductoAndTamanoCB,4,False,10,False,0.4,False
resilience4j.circuitbreaker.instances.buscarByBordadoAndTamanoCB,4,False,10,False,0.4,False
resilience4j.circuitbreaker.instances.orderByIdCB,4,False,10,False,0.4,False
resilience4j.circuitbreaker.instances.clientByIdCB,4,False,10,False,0.4,False
resilience4j.circuitbreaker.instances.orderByIdCB,4,False,10,False,0.4,False
resilience4j.circuitbreaker.instances.clientByIdCB,4,False,10,False,0.4,False
resilience4j.circuitbreaker.instances.productoListarPorIdCB,4,False,10,False,0.4,False
resilience4j.circuitbreaker.instances.clienteListarPorIdCB,4,False,10,False,0.4,False
resilience4j.circuitbreaker.instances.pedidoListarByIdCB,4,False,10,False,0.4,False
resilience4j.circuitbreaker.instances.productoListarPorIdCB,4,False,10,False,0.4,False
resilience4j.circuitbreaker.instances.clienteListarPorIdCB,4,False,10,False,0.4,False
resilience4j.circuitbreaker.instances.productListByIdCB,4,False,10,False,0.4,False
resilience4j.circuitbreaker.instances.clientListByIdCB,4,False,10,False,0.4,False
resilience4j.circuitbreaker.instances.productListByIdCB,4,False,10,False,0.4,False
resilience4j.circuitbreaker.instances.clientListByIdCB,4,False,10,False,0.4,False
resilience4j.circuitbreaker.configs.default,100,True,10,False,10.0,False
resilience4j.circuitbreaker.instances.wallet,20,False,10,False,2.0,False
resilience4j.circuitbreaker.configs.default,10,False,10,False,1.0,True
resilience4j.circuitbreaker.instances.orderByIdCB,4,False,10,False,0.4,False
resilience4j.circuitbreaker.instances.clientByIdCB,4,False,10,False,0.4,False
resilience4j.circuitbreaker.instances.orderByIdCB,4,False,10,False,0.4,False
resilience4j.circuitbreaker.instances.clientByIdCB,4,False,10,False,0.4,False
resilience4j.circuitbreaker.instances.productoListarPorIdCB,4,False,10,False,0.4,False
resilience4j.circuitbreaker.instances.clienteListarPorIdCB,4,False,10,False,0.4,False
resilience4j.circuitbreaker.instances.productoListarPorIdCB,4,False,10,False,0.4,False
resilience4j.circuitbreaker.instances.clienteListarPorIdCB,4,False,10,False,0.4,False
resilience4j.circuitbreaker.instances.productListByIdCB,4,False,10,False,0.4,False
resilience4j.circuitbreaker.instances.clientListByIdCB,4,False,10,False,0.4,False
resilience4j.circuitbreaker.instances.productListByIdCB,4,False,10,False,0.4,False
resilience4j.circuitbreaker.instances.clientListByIdCB,4,False,10,False,0.4,False
resilience4j.circuitbreaker.instances.dbBreaker,10,False,60,False,0.16666666666666666,False
resilience4j.circuitbreaker.instances.clientProvider,20,False,10,False,2.0,False
resilience4j.circuitbreaker.instances.productoListarPorIdCB,4,False,10,False,0.4,False
resilience4j.circuitbreaker.configs.default,2,False,30,False,0.06666666666666667,False
resilience4j.circuitbreaker.instances.someOtherService,20,False,10,False,2.0,False
resilience4j.circuitbreaker.instances.backendB,5,False,3,False,1.6666666666666667,False
resilience4j.circuitbreaker.instances.carsCB,4,False,10,False,0.4,False
resilience4j.circuitbreaker.instances.bikesCB,4,False,10,False,0.4,False
resilience4j.circuitbreaker.instances.allCB,5,False,10,False,0.5,False
resilience4j.circuitbreaker.instances.ms-middleware,100,True,10,False,10.0,False
resilience4j.circuitbreaker.instances.monolithService,5,False,10,False,0.5,False
resilience4j.circuitbreaker.instances.loginService,3,False,30,False,0.1,False
resilience4j.circuitbreaker.instances.getUserAgeCircuitBreaker,3,False,10,False,0.3,False
resilience4j.circuitbreaker.instances.pedidoListarPorIdCB,4,False,10,False,0.4,False
resilience4j.circuitbreaker.instances.clienteFeign,4,False,10,False,0.4,False
resilience4j.circuitbreaker.instances.movieCB,100,True,5,False,20.0,False
resilience4j.circuitbreaker.instances.serieCB,100,True,5,False,20.0,False
resilience4j.circuitbreaker.instances.imagenCB,4,False,10,False,0.4,False
resilience4j.circuitbreaker.instances.allCB,4,False,10,False,0.4,False
resilience4j.circuitbreaker.instances.inscriptionListByIdCB,4,False,10,False,0.4,False
resilience4j.circuitbreaker.instances.backendB,20,False,10,False,2.0,True
resilience4j.circuitbreaker.instances.productListByIdCB,4,False,10,False,0.4,False
resilience4j.circuitbreaker.instances.clientListByIdCB,4,False,10,False,0.4,False
resilience4j.circuitbreaker.instances.peoductListByIdCB,4,False,10,False,0.4,False
resilience4j.circuitbreaker.instances.clientListByIdCB,4,False,10,False,0.4,False
resilience4j.circuitbreaker.instances.productoListarPorIdCB,4,False,10,False,0.4,False
resilience4j.circuitbreaker.instances.clienteListarPorIdCB,4,False,10,False,0.4,False
resilience4j.circuitbreaker.instances.productListByIdCB,4,False,10,False,0.4,False
resilience4j.circuitbreaker.instances.clientListByIdCB,4,False,10,False,0.4,False
resilience4j.circuitbreaker.instances.productListByIdCB,4,False,10,False,0.4,False
resilience4j.circuitbreaker.instances.clientListByIdCB,4,False,10,False,0.4,False
resilience4j.circuitbreaker.configs.default,5,False,30,False,0.16666666666666666,False
resilience4j.circuitbreaker.instances.payment,4,False,10,False,0.4,False
resilience4j.circuitbreaker.instances.productoByIdCB,4,False,10,False,0.4,False
resilience4j.circuitbreaker.intances.matriculaListarPorIdCB,100,True,10,False,10.0,False
resilience4j.circuitbreaker.intances.clienteListarPorIdCB,100,True,10,False,10.0,False
resilience4j.circuitbreaker.instances.asistenciaGuardarCB,4,False,10,False,0.4,False
resilience4j.circuitbreaker.instances.eventListByIdCB,4,False,10,False,0.4,False
resilience4j.circuitbreaker.instances.userListByIdCB,4,False,10,False,0.4,False
resilience4j.circuitbreaker.configs.default,10,False,10,False,1.0,False
resilience4j.circuitbreaker.configs.default,10,False,10,False,1.0,True
resilience4j.circuitbreaker.instances.clientegymListarPorId,4,False,10,False,0.4,False
resilience4j.circuitbreaker.instances.trainerListarPorId,4,False,10,False,0.4,False
resilience4j.circuitbreaker.configs.default,5,False,10,False,0.5,False
resilience4j.circuitbreaker.configs.default,20,False,60,False,0.3333333333333333,False
resilience4j.circuit-breaker.instances.email,20,False,10,False,2.0,False
resilience4j.circuitbreaker.instances.productoListarPorIdCB,4,False,10,False,0.4,False
resilience4j.circuitbreaker.instances.clienteListarPorIdCB,4,False,10,False,0.4,False
resilience4j.circuitbreaker.configs.default,2,False,10,False,0.2,True
resilience4j.circuitbreaker.instances.auth-service,5,False,10,False,0.5,False
resilience4j.circuitbreaker.instances.product-service,5,False,10,False,0.5,False
resilience4j.circuitbreaker.instances.cart-service,5,False,10,False,0.5,False
resilience4j.circuitbreaker.instances.order-service,5,False,10,False,0.5,False
resilience4j.circuitbreaker.instances.payment-service,5,False,10,False,0.5,False
resilience4j.circuitbreaker.instances.INVENTORY-SERVICE,4,False,4,False,1.0,False
resilience4j.circuitbreaker.instances.backendB,20,False,10,False,2.0,False
resilience4j.circuitbreaker.instances.circuitBreakerA,5,False,10,False,0.5,False
resilience4j.circuitbreaker.instances.circuitBreakerB,5,False,10,False,0.5,False
resilience4j.circuitbreaker.configs.default,10,False,30,False,0.3333333333333333,False
resilience4j.circuitbreaker.configs.default,2,False,2,False,1.0,True
resilience4j.circuitbreaker.instances.facturaListarPorIdCB,4,False,10,False,0.4,False
resilience4j.circuitbreaker.instances.clienteListarPorIdCB,4,False,10,False,0.4,False
resilience4j.circuitbreaker.configs.default,20,False,60,False,0.3333333333333333,True
resilience4j.circuitbreaker.instances.user-service,4,False,10,False,0.4,False
resilience4j.circuitbreaker.instances.user-service,4,False,10,False,0.4,False
resilience4j.circuitbreaker.instances.clientCustomer,20,False,10,False,2.0,False
resilience4j.circuitbreaker.instances.taskCircuitBreaker,4,False,10,False,0.4,False
resilience4j.circuitbreaker.instances.hr-worker,5,False,10,False,0.5,False
resilience4j.circuitbreaker.instances.clienteListarByIdCB,4,False,10,False,0.4,False
resilience4j.circuitbreaker.instances.pedidoListarByIdCB,4,False,10,False,0.4,False
resilience4j.circuitbreaker.instances.core,1,False,2,False,0.5,False
resilience4j.circuitbreaker.instances.basNet,10,False,10,False,1.0,False
resilience4j.circuitbreaker.instances.getUsuarioClient,4,False,10,False,0.4,False
resilience4j.circuitbreaker.instances.getLibroClient,4,False,10,False,0.4,False
resilience4j.circuitbreaker.configs.[grpc-provider/OrderService/queryOrder],1,False,100,True,0.01,True
resilience4j.circuitbreaker.configs.[grpc-provider/AccountService/getAccount],1,False,100,True,0.01,True
resilience4j.circuitbreaker.instances.beCommon,20,False,10,False,2.0,False
resilience4j.circuitbreaker.instances.clientMovies,20,False,10,False,2.0,False
resilience4j.circuitbreaker.instances.clientSeries,20,False,10,False,2.0,False
resilience4j.circuitbreaker.instances.ms-transactions,100,True,10,False,10.0,False
resilience4j.circuitbreaker.instances.categoriaListarPorIdCB,4,False,10,False,0.4,False
resilience4j.circuitbreaker.instances.categoriaListarPorIdCB,4,False,10,False,0.4,False
resilience4j.circuitbreaker.instances.categoriaListarPorIdCB,4,False,10,False,0.4,False
resilience4j.circuitbreaker.instances.categoriaListarPorIdCB,4,False,10,False,0.4,False
resilience4j.circuitbreaker.instances.pedidoListarPorIdCB,4,False,10,False,0.4,False
resilience4j.circuitbreaker.instances.clienteFeign,4,False,10,False,0.4,False
resilience4j.circuitbreaker.instances.certificacion-service,5,False,10,False,0.5,False
resilience4j.circuitbreaker.instances.orderByIdCB,4,False,10,False,0.4,False
resilience4j.circuitbreaker.instances.clientByIdCB,4,False,10,False,0.4,False
resilience4j.circuitbreaker.instances.productListByIdCB,4,False,10,False,0.4,False
resilience4j.circuitbreaker.instances.admatriculaPorIdCB,4,False,10,False,0.4,False
resilience4j.circuitbreaker.instances.docentePorIdCB,4,False,10,False,0.4,False
resilience4j.circuitbreaker.instances.estudiantePorIdCB,4,False,10,False,0.4,False
resilience4j.circuitbreaker.instances.monitoreoPorIdCB,4,False,10,False,0.4,False
resilience4j.circuitbreaker.instances.almr_testcase_5,5,False,1,False,5.0,False
resilience4j.circuitbreaker.instances.libroListarPorIdCB,4,False,10,False,0.4,False
resilience4j.circuitbreaker.instances.usuarioListarPorIdCB,4,False,10,False,0.4,False
resilience4j.circuitbreaker.instances.productoListarPorIdCB,5,False,10,False,0.5,False
resilience4j.circuitbreaker.instances.categoriaListarPorIdCB,4,False,10,False,0.4,False
resilience4j.circuitbreaker.instances.requisitoBuscarPorIdCB,4,False,10,False,0.4,False
resilience4j.circuitbreaker.instances.cards,5,False,5,False,1.0,False
resilience4j.circuitbreaker.instances.clientegymListarPorId,4,False,10,False,0.4,False
resilience4j.circuitbreaker.instances.membresiaListarPorId,4,False,10,False,0.4,False
resilience4j.circuitbreaker.instances.MatriculaPorIdCB,4,False,10,False,0.4,False
resilience4j.circuitbreaker.instances.notasparaAreaCurricularPorIdCB,4,False,10,False,0.4,False
resilience4j.circuitbreaker.instances.payment-service,5,False,10,False,0.5,False
resilience4j.circuitbreaker.instances.carbon-credit-service,5,False,10,False,0.5,False
resilience4j.circuitbreaker.instances.certificate-service,5,False,10,False,0.5,False
resilience4j.circuitbreaker.configs.default,2,False,2,False,1.0,False
resilience4j.circuitbreaker.instances.backendB,20,False,10,False,2.0,True
resilience4j.circuitbreaker.instances.walletService,5,False,10,False,0.5,True
resilience4j.circuitbreaker.instances.estudianteListarPorIdCB,4,False,10,False,0.4,False
resilience4j.circuitbreaker.instances.ofertaListarPorIdCB,4,False,10,False,0.4,False
resilience4j.circuitbreaker.instances.empresaListarPorIdCB,4,False,10,False,0.4,False
resilience4j.circuitbreaker.instances.estudianteListarPorIdCB,4,False,10,False,0.4,False
resilience4j.circuitbreaker.instances.ofertaListarPorIdCB,4,False,10,False,0.4,False
resilience4j.circuitbreaker.instances.backendA,5,False,10,False,0.5,False
resilience4j.circuitbreaker.instances.estudianteListarPorIdCB,4,False,10,False,0.4,False
resilience4j.circuitbreaker.instances.walletHold,20,False,60,False,0.3333333333333333,True
resilience4j.circuitbreaker.configs.default,10,False,600,False,0.016666666666666666,False
resilience4j.circuitbreaker.configs.default,10,False,10,False,1.0,False
resilience4j.circuitbreaker.instances.circuitBreakerA,5,False,10,False,0.5,True
resilience4j.circuitbreaker.instances.circuitBreakerB,5,False,10,False,0.5,True
resilience4j.circuitbreaker.instances.cart-service,5,False,10,False,0.5,False
resilience4j.circuitbreaker.instances.product-service,5,False,10,False,0.5,False
resilience4j.circuitbreaker.instances.auth-service,5,False,10,False,0.5,False
resilience4j.circuitbreaker.instances.clientStudent,20,False,10,False,2.0,True
resilience4j.circuitbreaker.instances.userService,100,True,5,False,20.0,True
resilience4j.circuitbreaker.instances.circuitBreakerA,5,False,10,False,0.5,False
resilience4j.circuitbreaker.instances.circuitBreakerB,5,False,10,False,0.5,False
resilience4j.circuitbreaker.instances,100,True,10,False,10.0,True
resilience4j.circuitbreaker.instances.globalSearch,100,True,5,False,20.0,True
resilience4j.circuitbreaker.instances.hospitalSearchService,100,True,5,False,20.0,True
resilience4j.circuitbreaker.instances.orderByIdCB,4,False,10,False,0.4,False
resilience4j.circuitbreaker.instances.clientByIdCB,4,False,10,False,0.4,False
resilience4j.circuitbreaker.instances.proveedorListarPorIdCB,4,False,10,False,0.4,False
resilience4j.circuitbreaker.instances.userCircuitBreaker,4,False,10,False,0.4,False
resilience4j.circuitbreaker.instances.pedidoCircuitBreaker,4,False,10,False,0.4,False
resilience4j.circuitbreaker.configs.default,5,False,10,False,0.5,False
resilience4j.circuitbreaker.instances.workersListarPorIdCB,4,False,10,False,0.4,False
resilience4j.circuitbreaker.instances.workersListarAllCB,4,False,10,False,0.4,False
resilience4j.circuitbreaker.instances.workersCreateCB,4,False,10,False,0.4,False
resilience4j.circuitbreaker.instances.workersEditCB,4,False,10,False,0.4,False
resilience4j.circuitbreaker.instances.workersDeleteCB,4,False,10,False,0.4,False
resilience4j.circuitbreaker.instances.serviciosListarPorIdCB,4,False,10,False,0.4,False
resilience4j.circuitbreaker.instances.serviciosListarAllCB,4,False,10,False,0.4,False
resilience4j.circuitbreaker.instances.serviciosCreateCB,4,False,10,False,0.4,False
resilience4j.circuitbreaker.instances.serviciosEditCB,4,False,10,False,0.4,False
resilience4j.circuitbreaker.instances.serviciosDeleteCB,4,False,10,False,0.4,False
resilience4j.circuitbreaker.instances.find-product,20,False,10,False,2.0,False
resilience4j.circuitbreaker.configs.default,5,False,5,False,1.0,False
resilience4j.circuitbreaker.configs.default,3,False,30,False,0.1,False
resilience4j.circuitbreaker.instances.pedidoListarPorIdCB,4,False,10,False,0.4,False
resilience4j.circuitbreaker.instances.categoriaListarPorIdCB,4,False,10,False,0.4,False
eureka.instance.resilience4j.circuitbreaker.instances.clienteListarPorIdCB,4,False,10,False,0.4,False
eureka.instance.resilience4j.circuitbreaker.instances.ventaListarPorIdCB,4,False,10,False,0.4,False
resilience4j.circuitbreaker.instances.papCursosCB,4,False,10,False,0.4,False
resilience4j.circuitbreaker.instances.socioListarPorIdCB,4,False,10,False,0.4,False
resilience4j.circuitbreaker.instances.socioListarAllCB,4,False,10,False,0.4,False
resilience4j.circuitbreaker.instances.socioCreateCB,4,False,10,False,0.4,False
resilience4j.circuitbreaker.instances.socioEditCB,4,False,10,False,0.4,False
resilience4j.circuitbreaker.instances.socioDeleteCB,4,False,10,False,0.4,False
resilience4j.circuitbreaker.instances.medioDePagoListarPorIdCB,4,False,10,False,0.4,False
resilience4j.circuitbreaker.instances.trabajadorListarPorIdCB,4,False,10,False,0.4,False
resilience4j.circuitbreaker.instances.productoListarPorIdCB,4,False,10,False,0.4,False
resilience4j.circuitbreaker.instances.sucursalListarPorIdCB,4,False,10,False,0.4,False
resilience4j.circuitbreaker.instances.workersListarPorIdCB,4,False,10,False,0.4,False
resilience4j.circuitbreaker.instances.workersListarAllCB,4,False,10,False,0.4,False
resilience4j.circuitbreaker.instances.workersCreateCB,4,False,10,False,0.4,False
resilience4j.circuitbreaker.instances.workersEditCB,4,False,10,False,0.4,False
resilience4j.circuitbreaker.instances.workersDeleteCB,4,False,10,False,0.4,False
resilience4j.circuitbreaker.instances.productListByIdCB,4,False,10,False,0.4,False
resilience4j.circuitbreaker.instances.clientListByIdCB,4,False,10,False,0.4,False
resilience4j.circuitbreaker.instances.productListByIdCB,4,False,10,False,0.4,False
resilience4j.circuitbreaker.instances.clientListByIdCB,4,False,10,False,0.4,False
resilience4j.circuitbreaker.instances.clienteclassListarPorId,4,False,10,False,0.4,False
resilience4j.circuitbreaker.instances.libroListarPorIdCB,4,False,10,False,0.4,False
resilience4j.circuitbreaker.instances.libroListarPorIdCB,4,False,10,False,0.4,False
resilience4j.circuitbreaker.instances.libroListarPorIdCB,4,False,10,False,0.4,False
resilience4j.circuitbreaker.instances.libroListarPorIdCB,4,False,10,False,0.4,False
resilience4j.circuitbreaker.instances.productListByIdCB,4,False,10,False,0.4,False
resilience4j.circuitbreaker.instances.productListByIdCB,4,False,10,False,0.4,False
resilience4j.circuitbreaker.instances.pedidoListarPorIdCB,4,False,10,False,0.4,False
resilience4j.circuitbreaker.instances.serviciosListarPorIdCB,4,False,10,False,0.4,False
resilience4j.circuitbreaker.instances.serviciosListarAllCB,4,False,10,False,0.4,False
resilience4j.circuitbreaker.instances.serviciosCreateCB,4,False,10,False,0.4,False
resilience4j.circuitbreaker.instances.serviciosEditCB,4,False,10,False,0.4,False
resilience4j.circuitbreaker.instances.serviciosDeleteCB,4,False,10,False,0.4,False
resilience4j.circuitbreaker.instances.categoriaListarPorIdCB,4,False,10,False,0.4,False
resilience4j.circuitbreaker.instances.admatriculaPorIdCB,4,False,10,False,0.4,False
resilience4j.circuitbreaker.instances.docentePorIdCB,4,False,10,False,0.4,False
resilience4j.circuitbreaker.instances.estudiantePorIdCB,4,False,10,False,0.4,False
resilience4j.circuitbreaker.instances.monitoreoPorIdCB,4,False,10,False,0.4,False
resilience4j.circuitbreaker.instances.productoListarPorIdCB,4,False,10,False,0.4,False
resilience4j.circuitbreaker.instances.clienteListarPorIdCB,4,False,10,False,0.4,False
resilience4j.circuitbreaker.instances.categoriaListarPorIdCB,4,False,10,False,0.4,False
resilience4j.circuitbreaker.instances.categoriaListarPorIdCB,4,False,10,False,0.4,False
resilience4j.circuitbreaker.instances.productListByIdCB,4,False,10,False,0.4,False
resilience4j.circuitbreaker.instances.proveedorGetByIdCB,4,False,10,False,0.4,False
resilience4j.circuitbreaker.instances.productListByIdCB,4,False,10,False,0.4,False
resilience4j.circuitbreaker.instances.proveedorGetByIdCB,4,False,10,False,0.4,False
resilience4j.circuitbreaker.instances.claseinscripcionListarPorId,4,False,10,False,0.4,False
resilience4j.circuitbreaker.instances.clienteinscripcionListarPorId,4,False,10,False,0.4,False
resilience4j.circuitbreaker.instances.estudianteListarPorIdCB,4,False,10,False,0.4,False
resilience4j.circuitbreaker.instances.ofertaListarPorIdCB,4,False,10,False,0.4,False
resilience4j.circuitbreaker.instances.empresaListarPorIdCB,4,False,10,False,0.4,False
resilience4j.circuitbreaker.instances.estudianteListarPorIdCB,4,False,10,False,0.4,False
resilience4j.circuitbreaker.instances.ofertaListarPorIdCB,4,False,10,False,0.4,False
resilience4j.circuitbreaker.instances.clienteListarPorIdCB,4,False,10,False,0.4,True
resilience4j.circuitbreaker.instances.productoListarPorIdCB,4,False,10,False,0.4,True
resilience4j.circuitbreaker.instances.trabajadorListarPorIdCB,4,False,10,False,0.4,True
resilience4j.circuitbreaker.instances.medioDePagoListarPorIdCB,4,False,10,False,0.4,False
resilience4j.circuitbreaker.instances.trabajadorListarPorIdCB,4,False,10,False,0.4,False
resilience4j.circuitbreaker.instances.productoListarPorIdCB,4,False,10,False,0.4,False
resilience4j.circuitbreaker.instances.medioDePagoListarPorIdCB,4,False,10,False,0.4,False
resilience4j.circuitbreaker.instances.trabajadorListarPorIdCB,4,False,10,False,0.4,False
resilience4j.circuitbreaker.instances.productoListarPorIdCB,4,False,10,False,0.4,False
resilience4j.circuitbreaker.instances.sucursalListarPorIdCB,4,False,10,False,0.4,True
resilience4j.circuitbreaker.instances.sucursalListarPorIdCB,4,False,10,False,0.4,False
resilience4j.circuitbreaker.instances.sucursalListarPorIdCB,4,False,10,False,0.4,False
resilience4j.configs.slowCallConfig,100,True,60,False,1.6666666666666667,False
resilience4j.circuitbreaker.instances.riskClient,5,False,10,False,0.5,False
resilience4j.circuitbreaker.configs.default,10,False,30,False,0.3333333333333333,False
resilience4j.circuitbreaker.instances.circuitA,5,False,10,False,0.5,False
resilience4j.circuitbreaker.instances.circuitB,5,False,10,False,0.5,False
resilience4j.circuitbreaker.instances.cart-service,5,False,10,False,0.5,False
resilience4j.circuitbreaker.instances.product-service,5,False,10,False,0.5,False
resilience4j.circuitbreaker.instances.auth-service,5,False,10,False,0.5,False
resilience4j.circuitbreaker.configs.default,5,False,10,False,0.5,True
resilience4j.circuitbreaker.configs.default,1,False,10,False,0.1,False
resilience4j.circuitbreaker.instances.queueService,100,False,5,False,20.0,False
resilience4j.circuitbreaker.configs.default,5,False,10,False,0.5,False
resilience4j.circuitbreaker.instances.listarVentaPorIdCB,4,False,10,False,0.4,False
resilience4j.circuitbreaker.instances.listarVentaPorIdCB,4,False,10,False,0.4,False
resilience4j.circuitbreaker.instances.backendB,20,False,10,False,2.0,True
resilience4j.circuitbreaker.instances.orderByIdCB,4,False,10,False,0.4,False
resilience4j.circuitbreaker.instances.clientByIdCB,4,False,10,False,0.4,False
resilience4j.circuitbreaker.configs.default,10,False,60,False,0.16666666666666666,True
resilience4j.circuitbreaker.instances.backendB,20,False,10,False,2.0,False
resilience4j.circuitbreaker.instances.ms-cards,100,True,10,False,10.0,False
resilience4j.circuitbreaker.instances.facturasListarPorIdCB,4,False,10,False,0.4,False
resilience4j.circuitbreaker.instances.facturasListarAllCB,4,False,10,False,0.4,False
resilience4j.circuitbreaker.instances.facturasCreateCB,4,False,10,False,0.4,False
resilience4j.circuitbreaker.instances.facturasEditCB,4,False,10,False,0.4,False
resilience4j.circuitbreaker.instances.facturasDeleteCB,4,False,10,False,0.4,False
resilience4j.circuitbreaker.instances.personaListarPorIdCB,4,False,10,False,0.4,False
resilience4j.circuitbreaker.instances.paisListarPorIdCB,4,False,10,False,0.4,False
resilience4j.circuitbreaker.instances.paisGuardarPorIdCB,4,False,10,False,0.4,False
resilience4j.circuitbreaker.instances.paisYPersonaGuardarPorIdCB,4,False,10,False,0.4,False
resilience4j.circuitbreaker.instances.categoriaListarPorIdCB,4,False,10,False,0.4,False
resilience4j.circuitbreaker.instances.categoriaListarPorIdCB,4,False,10,False,0.4,False
resilience4j.circuitbreaker.instances.aiProviderService,5,False,10,False,0.5,False
resilience4j.circuitbreaker.instances.carsCB,100,True,5,False,20.0,False
resilience4j.circuitbreaker.instances.bikesCB,100,True,5,False,20.0,False
resilience4j.circuitbreaker.instances.allCB,100,True,5,False,20.0,False
resilience4j.circuitbreaker.instances.clienteListarPorIdCB,4,False,10,False,0.4,False
resilience4j.circuitbreaker.instances.productoListarPorIdCB,4,False,10,False,0.4,False
resilience4j.circuitbreaker.instances.trabajadorListarPorIdCB,4,False,10,False,0.4,False
resilience4j.circuitbreaker.instances.categoriaListarPorIdCB,4,False,10,False,0.4,False
resilience4j.circuitbreaker.instances.customerCB,4,False,10,False,0.4,False
resilience4j.circuitbreaker.instances.facturasListarPorIdCB,4,False,10,False,0.4,False
resilience4j.circuitbreaker.instances.facturasListarAllCB,4,False,10,False,0.4,False
resilience4j.circuitbreaker.instances.facturasCreateCB,4,False,10,False,0.4,False
resilience4j.circuitbreaker.instances.facturasEditCB,4,False,10,False,0.4,False
resilience4j.circuitbreaker.instances.facturasDeleteCB,4,False,10,False,0.4,False
resilience4j.circuitbreaker.instances.pedidoListarPorIdCB,4,False,10,False,0.4,False
resilience4j.circuitbreaker.instances.categoriaListarPorIdCB,4,False,10,False,0.4,False
resilience4j.circuitbreaker.instances.productoListarPorIdCB,4,False,10,False,0.4,False
resilience4j.circuitbreaker.instances.clienteListarPorIdCB,4,False,10,False,0.4,False
resilience4j.circuitbreaker.instances.productoListarPorIdCB,4,False,10,False,0.4,False
resilience4j.circuitbreaker.instances.clienteListarPorIdCB,4,False,10,False,0.4,False
resilience4j.circuitbreaker.instances.clienteCircuitBreaker,4,False,10,False,0.4,False
resilience4j.circuitbreaker.instances.productoCircuitBreaker,4,False,10,False,0.4,False
resilience4j.circuitbreaker.instances.productoListarPorIdCB,4,False,10,False,0.4,False
resilience4j.circuitbreaker.instances.clienteListarPorIdCB,4,False,10,False,0.4,False
resilience4j.circuitbreaker.instances.productListByIdCB,4,False,10,False,0.4,False
resilience4j.circuitbreaker.instances.clientListByIdCB,4,False,10,False,0.4,False
resilience4j.circuitbreaker.instances.productListByIdCB,4,False,10,False,0.4,False
resilience4j.circuitbreaker.instances.clientListByIdCB,4,False,10,False,0.4,False
resilience4j.circuitbreaker.instances.productoListarPorIdCB,4,False,10,False,0.4,False
resilience4j.circuitbreaker.instances.clienteListarPorIdCB,4,False,10,False,0.4,False
resilience4j.circuitbreaker.configs.default,1,False,1,False,1.0,True
resilience4j.circuitbreaker.instances.categoriaListarPorIdCB,4,False,10,False,0.4,False
resilience4j.circuitbreaker.instances.categoriaListarPorIdCB,4,False,10,False,0.4,False
resilience4j.circuitbreaker.instances.categoriaListarPorIdCB,4,False,10,False,0.4,False
resilience4j.circuitbreaker.instances.categoriaListarPorIdCB,4,False,10,False,0.4,False
resilience4j.circuitbreaker.instances.categoriaListarPorIdCB,4,False,10,False,0.4,False
resilience4j.circuitbreaker.instances.productoByIdCB,4,False,10,False,0.4,False
resilience4j.circuitbreaker.intances.matriculaListarPorIdCB,100,True,10,False,10.0,False
resilience4j.circuitbreaker.intances.clienteListarPorIdCB,100,True,10,False,10.0,False
resilience4j.circuitbreaker.instances.circuitBreakerApi,5,False,10,False,0.5,True
resilience4j.circuitbreaker.configs.default,2,False,2,False,1.0,False
resilience4j.circuitbreaker.instances.microservice,10,False,5,False,2.0,False
resilience4j.circuit-breaker.instances.email,20,False,10,False,2.0,False
resilience4j.circuitbreaker.instances.empresaListarPorIdCB,4,False,10,False,0.4,False
resilience4j.circuitbreaker.instances.backendB,20,False,10,False,2.0,False
resilience4j.circuitbreaker.instances.PlanAcademicoPorIdCB,4,False,10,False,0.4,False
resilience4j.circuitbreaker.instances.estudianteListarPorIdCB,4,False,10,False,0.4,False
resilience4j.circuitbreaker.instances.ofertaListarPorIdCB,4,False,10,False,0.4,False
resilience4j.circuitbreaker.instances.empresaListarPorIdCB,4,False,10,False,0.4,False
resilience4j.circuitbreaker.instances.clienteListarPorIdCB,4,False,10,False,0.4,False
resilience4j.circuitbreaker.instances.productoListarPorIdCB,4,False,10,False,0.4,False
resilience4j.circuitbreaker.instances.trabajadorListarPorIdCB,4,False,10,False,0.4,False
resilience4j.circuitbreaker.instances.clienteListarPorIdCB,4,False,10,False,0.4,False
resilience4j.circuitbreaker.instances.productoListarPorIdCB,4,False,10,False,0.4,False
resilience4j.circuitbreaker.instances.trabajadorListarPorIdCB,4,False,10,False,0.4,False
resilience4j.circuitbreaker.instances.medioDePagoListarPorIdCB,4,False,10,False,0.4,True
resilience4j.circuitbreaker.instances.trabajadorListarPorIdCB,4,False,10,False,0.4,True
resilience4j.circuitbreaker.instances.productoListarPorIdCB,4,False,10,False,0.4,True
resilience4j.circuitbreaker.instances.sucursalListarPorIdCB,4,False,10,False,0.4,True
resilience4j.circuitbreaker.configs.externalApi,20,False,30,False,0.6666666666666666,False
resilience4j.circuitbreaker.instances.identity-service,5,False,10,False,0.5,False
resilience4j.circuitbreaker.instances.tenant-service,5,False,10,False,0.5,False
resilience4j.circuitbreaker.instances.backendB,20,False,10,False,2.0,False
resilience4j.circuitbreaker.configs.default,5,False,5,False,1.0,False
resilience4j.circuitbreaker.configs.default,2,False,2,False,1.0,True
resilience4j.circuitbreaker.instances.categoryService,5,False,10,False,0.5,False
resilience4j.circuitbreaker.instances.circuitBreakerA,5,False,10,False,0.5,False
resilience4j.circuitbreaker.instances.circuitBreakerB,5,False,10,False,0.5,False
resilience4j.circuitbreaker.configs.default,10,False,120,False,0.08333333333333333,False
resilience4j.circuitbreaker.instances.cart-service,5,False,10,False,0.5,False
resilience4j.circuitbreaker.instances.product-service,5,False,10,False,0.5,False
resilience4j.circuitbreaker.instances.auth-service,5,False,10,False,0.5,False
resilience4j.circuitbreaker.instances.cart-service,5,False,10,False,0.5,False
resilience4j.circuitbreaker.instances.product-service,5,False,10,False,0.5,False
resilience4j.circuitbreaker.instances.auth-service,5,False,10,False,0.5,False
resilience4j.circuitbreaker.instances.userService,100,True,5,False,20.0,True
resilience4j.circuitbreaker.instances.config-mngmt,5,False,5,False,1.0,False
resilience4j.circuitbreaker.configs.default,5,False,10,False,0.5,True
resilience4j.circuitbreaker.configs.default,1,False,1,False,1.0,True
resilience4j.circuitbreaker.instances.carritoListarPorIdCB,4,False,10,False,0.4,False
resilience4j.circuitbreaker.configs.default,5,False,10,False,0.5,False
resilience4j.circuitbreaker.instances.timeBasedCircuitBreaker,5,False,60,False,0.08333333333333333,True
resilience4j.circuitbreaker.instances.categoriaListarPorIdCB,4,False,10,False,0.4,False
resilience4j.circuitbreaker.configs.default,10,False,10,False,1.0,False
resilience4j.circuitbreaker.instances.EstudianteListarPorIdCB,4,False,10,False,0.4,False
resilience4j.circuitbreaker.instances.CursoListarPorIdCB,4,False,10,False,0.4,False
resilience4j.circuitbreaker.instances.keyscloak-admin-client,5,False,10,False,0.5,False
resilience4j.circuitbreaker.configs.default,5,False,10,False,0.5,False
resilience4j.circuitbreaker.instances.userCircuitBreaker,4,False,10,False,0.4,False
resilience4j.circuitbreaker.instances.authCircuitBreaker,4,False,10,False,0.4,False
resilience4j.circuitbreaker.instances.taskCircuitBreaker,4,False,10,False,0.4,False
resilience4j.circuitbreaker.intances.matriculaListarPorIdCB,100,True,10,False,10.0,False
resilience4j.circuitbreaker.intances.clienteListarPorIdCB,100,True,10,False,10.0,False
resilience4j.circuitbreaker.instances.registroListByIdCB,4,False,10,False,0.4,False
resilience4j.circuitbreaker.instances.librocargaListByIdCB,4,False,10,False,0.4,False
resilience4j.circuitbreaker.instances.invetarioListarPorIdCB,4,False,10,False,0.4,False
resilience4j.circuitbreaker.instances.invetarioListarAllCB,4,False,10,False,0.4,False
resilience4j.circuitbreaker.instances.invetarioCreateCB,4,False,10,False,0.4,False
resilience4j.circuitbreaker.instances.invetarioEditCB,4,False,10,False,0.4,False
resilience4j.circuitbreaker.instances.invetarioDeleteCB,4,False,10,False,0.4,False
resilience4j.circuitbreaker.instances.vehiculoListByIdCB,4,False,10,False,0.4,False
resilience4j.circuitbreaker.instances.clienteListByIdCB,4,False,10,False,0.4,False
resilience4j.circuitbreaker.instances.clienteCircuitBreaker,4,False,10,False,0.4,False
resilience4j.circuitbreaker.instances.productoCircuitBreaker,4,False,10,False,0.4,False
resilience4j.circuitbreaker.instances.categoriaListarPorIdCB,4,False,10,False,0.4,False
resilience4j.circuitbreaker.instances.categoriaListarAllCB,4,False,10,False,0.4,False
resilience4j.circuitbreaker.instances.categoriaCreateCB,4,False,10,False,0.4,False
resilience4j.circuitbreaker.instances.categoriaEditCB,4,False,10,False,0.4,False
resilience4j.circuitbreaker.instances.categoriaDeleteCB,4,False,10,False,0.4,False
resilience4j.circuitbreaker.configs.default,10,False,10,False,1.0,False
resilience4j.circuitbreaker.instances.someOtherService,20,False,10,False,2.0,False
resilience4j.circuitbreaker.instances.categoriaListarPorIdCB,4,False,10,False,0.4,False
resilience4j.circuitbreaker.configs.default,2,False,2,False,1.0,True
resilience4j.circuitbreaker.instances.hr-worker,5,False,10,False,0.5,False
resilience4j.circuitbreaker.instances.categoriaListarPorIdCB,4,False,10,False,0.4,False
resilience4j.circuitbreaker.configs.kakao-common,5,False,60,False,0.08333333333333333,False
resilience4j.circuitbreaker.configs.kakao-low-traffic,3,False,300,False,0.01,False
resilience4j.circuitbreaker.instances.couponSeq,100,False,10,False,10.0,False
resilience4j.circuitbreaker.instances.couponWrite,20,False,10,False,2.0,False
spring.cloud.resilience4j.instances.serviceA.circuitBreaker,5,False,10,False,0.5,False
spring.cloud.resilience4j.instances.serviceA.serviceB.circuitBreaker,5,False,10,False,0.5,False
resilience4j.circuitbreaker.instances.categoriaListarPorIdCB,4,False,10,False,0.4,False
resilience4j.circuitbreaker.instances.test,5,False,10,False,0.5,False
resilience4j.circuitbreaker.configs.default,100,True,100,False,1.0,False
resilience4j.circuitbreaker.instances.almr_testcase_5,5,False,1,False,5.0,False
resilience4j.circuitbreaker.instances.carsCB,4,False,10,False,0.4,True
resilience4j.circuitbreaker.instances.bikesCB,4,False,10,False,0.4,True
resilience4j.circuitbreaker.instances.vehiclesCB,4,False,10,False,0.4,True
resilience4j.circuitbreaker.instances.dmaster-basic-serviceCB,4,False,10,False,0.4,False
resilience4j.circuitbreaker.configs.default,10,False,10,False,1.0,True
resilience4j.circuitbreaker.instances.pedidoListarPorIdCB,4,False,10,False,0.4,False
resilience4j.circuitbreaker.instances.categoriaListarPorIdCB,4,False,10,False,0.4,False
resilience4j.circuitbreaker.instances.auth,50,False,60,False,0.8333333333333334,True
resilience4j.circuitbreaker.instances.categoriaListarPorIdCB,4,False,10,False,0.4,False
resilience4j.circuitbreaker.instances.orderByIdCB,4,False,10,False,0.4,False
resilience4j.circuitbreaker.instances.clientByIdCB,4,False,10,False,0.4,False
resilience4j.circuitbreaker.configs.default,100,True,100,False,1.0,False
resilience4j.circuitbreaker.instances.listarProductoPorIdCB,4,False,10,False,0.4,False
resilience4j.circuitbreaker.instances.eventoCB,4,False,10,False,0.4,False
resilience4j.circuitbreaker.instances.categoriaListarPorIdCB,4,False,10,False,0.4,False
resilience4j.circuitbreaker.instances.categoriaListarPorIdCB,4,False,10,False,0.4,False
resilience4j.circuitbreaker.instances.productoByIdCB,4,False,10,False,0.4,False
resilience4j.circuitbreaker.instances.clasePorId,4,False,10,False,0.4,False
resilience4j.circuitbreaker.instances.clientepagoclaseListarPorId,4,False,10,False,0.4,False
resilience4j.circuitbreaker.instances.clienteListarPorIdCB,4,False,10,False,0.4,False
resilience4j.circuitbreaker.instances.categoriaListarPorIdCB,4,False,10,False,0.4,False
resilience4j.circuitbreaker.instances.categoriaListarPorIdCB,4,False,10,False,0.4,False
resilience4j.circuitbreaker.instances.clasegymListarPorIdCB,4,False,10,False,0.4,False
resilience4j.circuitbreaker.instances.precioclaseplanListarPorIdCB,4,False,10,False,0.4,False
resilience4j.circuitbreaker.instances.clientesusListarPorIdCB,4,False,10,False,0.4,False
resilience4j.circuitbreaker.instances.personaCB,4,False,10,False,0.4,False
resilience4j.circuitbreaker.instances.circuitBreakerA,5,False,10,False,0.5,False
resilience4j.circuitbreaker.instances.circuitBreakerB,5,False,10,False,0.5,False
resilience4j.circuitbreaker.configs.default,5,False,10,False,0.5,True
resilience4j.circuitbreaker.instances.docenteListarPorIdCB,4,False,10,False,0.4,False
resilience4j.circuitbreaker.instances.estudianteListarPorIdCB,4,False,10,False,0.4,False
resilience4j.circuitbreaker.instances.authuserCB,4,False,10,False,0.4,False
resilience4j.circuitbreaker.instances.ratingService,5,False,60,False,0.08333333333333333,True
resilience4j.circuitbreaker.instances.hotelService,10,False,60,False,0.16666666666666666,True
resilience4j.circuitbreaker.instances.cm-partner,5,False,30,False,0.16666666666666666,False
resilience4j.circuitbreaker.instances.account,20,False,10,False,2.0,False
resilience4j.circuitbreaker.instances.circuitA,5,False,10,False,0.5,False
resilience4j.circuitbreaker.instances.circuitB,5,False,10,False,0.5,False
resilience4j.circuitbreaker.instances.circuitA,5,False,10,False,0.5,False
resilience4j.circuitbreaker.instances.circuitB,5,False,10,False,0.5,False
resilience4j.circuitbreaker.instances.order-service,5,False,10,False,0.5,False
resilience4j.circuitbreaker.instances.bookingService,100,True,5,False,20.0,True
resilience4j.circuitbreaker.configs.default,10,False,10,False,1.0,False
resilience4j.circuitbreaker.configs.default,5,False,10,False,0.5,False
resilience4j.circuitbreaker.instances.categoriaListarPorIdCB,4,False,10,False,0.4,False
resilience4j.circuitbreaker.instances.categoriaListarPorIdCB,4,False,10,False,0.4,False
resilience4j.circuitbreaker.instances.inventory-service,20,False,10,False,2.0,True
resilience4j.circuitbreaker.instances.backendB,20,False,10,False,2.0,False
resilience4j.circuitbreaker.instances.registroListByIdCB,4,False,10,False,0.4,False
resilience4j.circuitbreaker.instances.librocargaListByIdCB,4,False,10,False,0.4,False
resilience4j.circuitbreaker.instances.registroListByIdCB,4,False,10,False,0.4,False
resilience4j.circuitbreaker.instances.librocargaListByIdCB,4,False,10,False,0.4,False
resilience4j.circuitbreaker.instances.socioListarPorIdCB,4,False,10,False,0.4,False
resilience4j.circuitbreaker.instances.socioListarAllCB,4,False,10,False,0.4,False
resilience4j.circuitbreaker.instances.socioCreateCB,4,False,10,False,0.4,False
resilience4j.circuitbreaker.instances.socioEditCB,4,False,10,False,0.4,False
resilience4j.circuitbreaker.instances.socioDeleteCB,4,False,10,False,0.4,False
resilience4j.circuitbreaker.instances.vehiculoListByIdCB,4,False,10,False,0.4,False
resilience4j.circuitbreaker.instances.clienteListByIdCB,4,False,10,False,0.4,False
resilience4j.circuitbreaker.instances.vehiculoListByIdCB,4,False,10,False,0.4,False
resilience4j.circuitbreaker.instances.clienteListByIdCB,4,False,10,False,0.4,False
resilience4j.circuitbreaker.instances.ms-users,100,True,10,False,10.0,False
resilience4j.circuitbreaker.configs.default,5,False,10,False,0.5,False
resilience4j.circuitbreaker.instances.clientesListarPorIdCB,5,False,10,False,0.5,False
resilience4j.circuitbreaker.instances.productoListarPorIdCB,5,False,10,False,0.5,False
resilience4j.circuitbreaker.instances.personalListarPorIdCB,5,False,10,False,0.5,False
resilience4j.circuitbreaker.instances.categoriaListarPorIdCB,4,False,10,False,0.4,False
resilience4j.circuitbreaker.configs.default,100,True,60,False,1.6666666666666667,False
resilience4j.circuitbreaker.instances.categoriaListarPorIdCB,4,False,10,False,0.4,False
resilience4j.circuitbreaker.instances.core,1,False,2,False,0.5,False
resilience4j.circuitbreaker.configs.default,10,False,10,False,1.0,True
resilience4j.circuitbreaker.instances.invetarioListarPorIdCB,4,False,10,False,0.4,False
resilience4j.circuitbreaker.instances.invetarioListarAllCB,4,False,10,False,0.4,False
resilience4j.circuitbreaker.instances.invetarioCreateCB,4,False,10,False,0.4,False
resilience4j.circuitbreaker.instances.invetarioEditCB,4,False,10,False,0.4,False
resilience4j.circuitbreaker.instances.invetarioDeleteCB,4,False,10,False,0.4,False
resilience4j.circuitbreaker.instances.categoriaListarPorIdCB,4,False,10,False,0.4,False
resilience4j.circuitbreaker.instances.categoriaListarAllCB,4,False,10,False,0.4,False
resilience4j.circuitbreaker.instances.categoriaCreateCB,4,False,10,False,0.4,False
resilience4j.circuitbreaker.instances.categoriaEditCB,4,False,10,False,0.4,False
resilience4j.circuitbreaker.instances.categoriaDeleteCB,4,False,10,False,0.4,False
resilience4j.circuitbreaker.instances.queueService,100,False,5,False,20.0,False
resilience4j.circuitbreaker.instances.orderByIdCB,4,False,10,False,0.4,False
resilience4j.circuitbreaker.instances.pedidoListarPorIdCB,4,False,10,False,0.4,False
resilience4j.circuitbreaker.instances.listarProductoPorIdCB,4,False,10,False,0.4,False
resilience4j.circuitbreaker.instances.productoListarPorIdCB,4,False,10,False,0.4,False
resilience4j.circuitbreaker.instances.clienteListarPorIdCB,4,False,10,False,0.4,False
resilience4j.circuitbreaker.instances.productListByIdCB,4,False,10,False,0.4,False
resilience4j.circuitbreaker.instances.productoListarPorIdCB,4,False,10,False,0.4,False
resilience4j.circuitbreaker.instances.clienteListarPorIdCB,4,False,10,False,0.4,False
resilience4j.circuitbreaker.configs.default,5,False,10,False,0.5,False
resilience4j.circuitbreaker.configs.default,10,False,60,False,0.16666666666666666,False
resilience4j.circuitbreaker.instances.productoByIdCB,4,False,10,False,0.4,False
resilience4j.circuitbreaker.instances.productoByIdCB,4,False,10,False,0.4,False
resilience4j.circuitbreaker.instances.categoriaListarPorIdCB,4,False,10,False,0.4,False
resilience4j.circuitbreaker.instances.categoriaListarPorIdCB,4,False,10,False,0.4,False
resilience4j.circuitbreaker.instances.categoriaListarPorIdCB,4,False,10,False,0.4,False
resilience4j.circuitbreaker.instances.categoriaListarPorIdCB,4,False,10,False,0.4,False
resilience4j.circuitbreaker.instances.proveedoresValidarRucCB,4,False,10,False,0.4,False
resilience4j.circuitbreaker.instances.docenteListarPorIdCB,4,False,10,False,0.4,False
resilience4j.circuitbreaker.instances.estudianteListarPorIdCB,4,False,10,False,0.4,False
resilience4j.circuitbreaker.instances.apoderadoListarPorIdCB,4,False,10,False,0.4,False
resilience4j.circuitbreaker.instances.antecedentemedicoListarPorIdCB,4,False,10,False,0.4,False
resilience4j.circuitbreaker.instances.matriculaListarPorIdCB,4,False,10,False,0.4,False
resilience4j.circuitbreaker.instances.UsuarioPorIdCB,4,False,10,False,0.4,False
resilience4j.circuitbreaker.instances.PlanAcademicoPorIdCB,4,False,10,False,0.4,False
resilience4j.circuitbreaker.instances.DocentePorIdCB,4,False,10,False,0.4,False
resilience4j.circuitbreaker.instances.CursoPorIdCB,4,False,10,False,0.4,False
resilience4j.circuitbreaker.instances.CursoPorIdCB.MatriculaPorIdCB,4,False,10,False,0.4,False
resilience4j.circuitbreaker.instances.CursoPorIdCB.notasparaAreaCurricularPorIdCB,4,False,10,False,0.4,False
resilience4j.circuitbreaker.instances.circuitBreakerA,5,False,10,False,0.5,False
resilience4j.circuitbreaker.instances.circuitBreakerB,5,False,10,False,0.5,False
resilience4j.circuitbreaker.instances.docenteListarPorIdCB,4,False,10,False,0.4,False
resilience4j.circuitbreaker.instances.estudianteListarPorIdCB,4,False,10,False,0.4,False
resilience4j.circuitbreaker.configs.default,20,False,10,False,2.0,True
resilience4j.circuitbreaker.instances.estudianteListarPorIdCB,4,False,10,False,0.4,False
resilience4j.circuitbreaker.instances.ofertaListarPorIdCB,4,False,10,False,0.4,False
resilience4j.circuitbreaker.instances.auth-service,5,False,10,False,0.5,False
resilience4j.circuitbreaker.instances.product-service,5,False,10,False,0.5,False
resilience4j.circuitbreaker.instances.cart-service,5,False,10,False,0.5,False
resilience4j.circuitbreaker.instances.order-service,5,False,10,False,0.5,False
resilience4j.circuitbreaker.instances.payment-service,5,False,10,False,0.5,False
resilience4j.circuitbreaker.instances.backendB,20,False,10,False,2.0,False
resilience4j.circuitbreaker.instances.organizationService,5,False,3,False,1.6666666666666667,False
resilience4j.circuitbreaker.configs.default,10,False,60,False,0.16666666666666666,False
resilience4j.circuitbreaker.configs.default,5,False,10,False,0.5,False
resilience4j.circuitbreaker.configs.default,2,False,5,False,0.4,False
resilience4j.circuitbreaker.configs.DynamicCircuitBreaker,100,True,100,False,1.0,False
resilience4j.circuitbreaker.configs.default,10,False,2,False,5.0,False
resilience4j.circuitbreaker.configs.default,8,False,10,False,0.8,False
resilience4j.circuitbreaker.instances.slowCallBreaker,8,False,10,False,0.8,False
resilience4j.circuitbreaker.configs.DynamicCircuitBreaker,100,True,100,False,1.0,False
resilience4j.circuitbreaker.instances.paymentBreaker,20,False,10,False,2.0,False
resilience4j.circuitbreaker.instances.rideBreaker,20,False,10,False,2.0,False
resilience4j.circuitbreaker.configs.default,10,False,10,False,1.0,True
resilience4j.circuitbreaker.configs.default,20,False,60,False,0.3333333333333333,False
resilience4j.circuitbreaker.instances.productsCB,4,False,10,False,0.4,False
resilience4j.circuitbreaker.instances.rideBreaker,20,False,10,False,2.0,False
resilience4j.circuitbreaker.instances.paymentBreaker,20,False,10,False,2.0,False
resilience4j.circuitbreaker.configs.default,100,True,10,False,10.0,False
resilience4j.circuitbreaker.instances.circuitbreakerInstance,2,False,30,False,0.06666666666666667,False
resilience4j.circuitbreaker.configs.default,100,True,10,False,10.0,False
resilience4j.circuitbreaker.configs.default,100,True,10,False,10.0,False
resilience4j.circuitbreaker.instances.circuitbreakerInstance,2,False,30,False,0.06666666666666667,False
resilience4j.circuitbreaker.configs.default,2,False,60,False,0.03333333333333333,False
resilience4j.circuitbreaker.configs.default,20,False,60,False,0.3333333333333333,False
resilience4j.circuitbreaker.configs.default,100,True,10,False,10.0,False
resilience4j.circuitbreaker.configs.default,2,False,2,False,1.0,False
resilience4j.circuitbreaker.configs.default,20,False,60,False,0.3333333333333333,False
resilience4j.circuitbreaker.configs.default,20,False,60,False,0.3333333333333333,False
resilience4j.circuitbreaker.instances.fallbackCircuitBreaker,50,False,60,False,0.8333333333333334,False
resilience4j.circuitbreaker.instances.superBankPayment,10,False,60,False,0.16666666666666666,False
resilience4j.circuit breaker.instances.fallBack,5,False,10,False,0.5,False
resilience4j.circuitbreaker.configs.default,10,False,2,False,5.0,False
resilience4j.circuitbreaker.instances.dummyjson-window,2,False,10,False,0.2,False
resilience4j.circuitbreaker.instances.circuitbreakerInstance,3,False,30,False,0.1,True
resilience4j.circuitbreaker.configs.default,20,False,60,False,0.3333333333333333,False
resilience4j.circuitbreaker.configs.default,2,False,600,False,0.0033333333333333335,False
resilience4j.circuitbreaker.instances.carsCB,4,False,10,False,0.4,False
resilience4j.circuitbreaker.instances.bikesCB,4,False,10,False,0.4,False
resilience4j.circuitbreaker.instances.allCB,4,False,10,False,0.4,False
resilience4j.circuitbreaker.instances.loginServiceBreaker,10,False,10,False,1.0,False
resilience4j.circuitbreaker.instances.carsCB,4,False,10,False,0.4,False
resilience4j.circuitbreaker.instances.bikesCB,4,False,10,False,0.4,False
resilience4j.circuitbreaker.instances.allCB,4,False,10,False,0.4,False
resilience4j.circuitbreaker.configs.default,20,False,60,False,0.3333333333333333,False
resilience4j.circuitbreaker.configs.default,20,False,60,False,0.3333333333333333,False
resilience4j.circuitbreaker.instances.userServiceBreaker,10,False,5,False,2.0,False
resilience4j.circuitbreaker.instances.loginServiceBreaker,10,False,10,False,1.0,False
resilience4j.circuitbreaker.instances.userServiceBreaker,10,False,5,False,2.0,False
resilience4j.circuitbreaker.instances.loginServiceBreaker,10,False,10,False,1.0,False
resilience4j.circuitbreaker.instances.orderServiceBreaker,10,False,10,False,1.0,False
resilience4j.circuitbreaker.instances.profileServiceBreaker,10,False,10,False,1.0,False
resilience4j.circuitbreaker.instances.userServiceBreaker,10,False,5,False,2.0,False
resilience4j.circuitbreaker.instances.loginServiceBreaker,10,False,10,False,1.0,False
resilience4j.circuitbreaker.instances.orderServiceBreaker,10,False,10,False,1.0,False
resilience4j.circuitbreaker.instances.imageServiceBreaker,10,False,10,False,1.0,False
resilience4j.circuitbreaker.instances.circuitbreakerInstance,2,False,30,False,0.06666666666666667,False
resilience4j.circuitbreaker.configs.default,100,True,10,False,10.0,False
resilience4j.circuitbreaker.configs.default,100,True,10,False,10.0,False
resilience4j.circuitbreaker.configs.default,2,False,600,False,0.0033333333333333335,False
resilience4j.circuitbreaker.instances.circuitbreakerInstance,2,False,30,False,0.06666666666666667,False
resilience4j.circuitbreaker.instances.userServiceBreaker,10,False,5,False,2.0,False
resilience4j.circuitbreaker.instances.loginServiceBreaker,10,False,10,False,1.0,False
resilience4j.circuitbreaker.instances.imageServiceBreaker,10,False,10,False,1.0,False
resilience4j.circuitbreaker.instances.circuitbreakerInstance,2,False,30,False,0.06666666666666667,False
resilience4j.circuitbreaker.instances.circuitbreakerInstance,2,False,30,False,0.06666666666666667,False
resilience4j.circuitbreaker.instances.object,10,False,10,False,1.0,False
resilience4j.circuitbreaker.instances.subject,10,False,10,False,1.0,False
resilience4j.circuitbreaker.instances.sentence,10,False,10,False,1.0,False
resilience4j.circuitbreaker.instances.circuitBreakerInstance,2,False,30,False,0.06666666666666667,True
resilience4j.circuitbreaker.instances.circuitbreakerInstance,2,False,30,False,0.06666666666666667,False
resilience4j.circuitbreaker.instances.checkRandom,5,False,10,False,0.5,False
resilience4j.circuitbreaker.instances.circuitbreakerInstance,2,False,30,False,0.06666666666666667,False
resilience4j.circuitbreaker.instances.userServiceBreaker,10,False,5,False,2.0,False
resilience4j.circuitbreaker.instances.loginServiceBreaker,10,False,10,False,1.0,False
resilience4j.circuitbreaker.instances.profileServiceBreaker,10,False,10,False,1.0,False
resilience4j.circuitbreaker.configs.shared,5,False,10,False,0.5,False
resilience4j.circuitbreaker.instances.object,10,False,10,False,1.0,False
resilience4j.circuitbreaker.instances.subject,10,False,10,False,1.0,False
resilience4j.circuitbreaker.instances.sentece,10,False,10,False,1.0,False
resilience4j.circuitbreaker.configs.shared,5,False,10,False,0.5,False
resilience4j.circuitbreaker.instances.circuitbreakerInstance,2,False,30,False,0.06666666666666667,False
resilience4j.circuitbreaker.instances.circuitBreakerInstance,2,False,30,False,0.06666666666666667,False
resilience4j.circuitbreaker.configs.default,5,False,10,False,0.5,False
resilience4j.circuitbreaker.instances.userService,4,False,10,False,0.4,False
resilience4j.circuitbreaker.configs.default,5,False,5,False,1.0,False
resilience4j.circuitbreaker.instances.circuitbreakerInstance,2,False,30,False,0.06666666666666667,False
resilience4j.circuitbreaker.instances.carsCB,4,False,10,False,0.4,False
resilience4j.circuitbreaker.instances.bikesCB,4,False,10,False,0.4,False
resilience4j.circuitbreaker.instances.allCB,4,False,10,False,0.4,False
resilience4j.circuitbreaker.instances.carsCB,4,False,10,False,0.4,False
resilience4j.circuitbreaker.instances.bikesCB,4,False,10,False,0.4,False
resilience4j.circuitbreaker.instances.allCB,4,False,10,False,0.4,False
resilience4j.circuitbreaker.instances.blogCB,4,False,10,False,0.4,False
resilience4j.circuitbreaker.instances.commentsCB,4,False,10,False,0.4,False
resilience4j.circuitbreaker.instances.anotherCB,4,False,10,False,0.4,False
resilience4j.circuitbreaker.instances.circuitBreakerInstance,2,False,30,False,0.06666666666666667,False
resilience4j.circuitbreaker.instances.circuitbreakerInstance,2,False,30,False,0.06666666666666667,True
resilience4j.circuitbreaker.instances.circuitbreakerInstance,2,False,30,False,0.06666666666666667,False
resilience4j.circuitbreaker.instances.carsCB,4,False,10,False,0.4,False
resilience4j.circuitbreaker.instances.bikesCB,4,False,10,False,0.4,False
resilience4j.circuitbreaker.instances.allCB,4,False,10,False,0.4,False
resilience4j.circuitbreaker.instances.circuitbreakerInstance,2,False,30,False,0.06666666666666667,False
resilience4j.circuitbreaker.instances.carCB,4,False,10,False,0.4,False
resilience4j.circuitbreaker.instances.bikeCB,4,False,10,False,0.4,False
resilience4j.circuitbreaker.instances.vehiclesCB,4,False,10,False,0.4,False
resilience4j.circuitbreaker.instances.circuitbreakerInstance,2,False,30,False,0.06666666666666667,False
resilience4j.circuitbreaker.instances.carsCB,4,False,10,False,0.4,False
resilience4j.circuitbreaker.instances.bikesCB,4,False,10,False,0.4,False
resilience4j.circuitbreaker.instances.allCB,4,False,10,False,0.4,False
resilience4j.circuitbreaker.instances.userCB,4,False,10,False,0.4,False
resilience4j.circuitbreaker.instances.commentsCB,4,False,10,False,0.4,False
resilience4j.circuitbreaker.instances.anotherCB,4,False,10,False,0.4,False
resilience4j.circuitbreaker.configs.default,1,False,10,False,0.1,False
resilience4j.circuitbreaker.configs.default,100,True,10,False,10.0,False
resilience4j.circuitbreaker.configs.default,100,True,10,False,10.0,False
resilience4j.circuitbreaker.instances.userService,4,False,10,False,0.4,False
resilience4j.circuitbreaker.instances.carService,4,False,10,False,0.4,False
resilience4j.circuitbreaker.instances.bikeService,4,False,10,False,0.4,False
resilience4j.circuitbreaker.instances.vehicleService,4,False,10,False,0.4,False
resilience4j.circuitbreaker.instances.object,10,False,10,False,1.0,False
resilience4j.circuitbreaker.instances.subject,10,False,10,False,1.0,False
resilience4j.circuitbreaker.instances.sentence,10,False,10,False,1.0,False
resilience4j.circuitbreaker.instances.loginServiceBreaker,10,False,10,False,1.0,False
resilience4j.circuitbreaker.instances.circuitBreakerApi,5,False,10,False,0.5,False
resilience4j.circuitbreaker.instances.circuitbreakerInstance,2,False,30,False,0.06666666666666667,False
resilience4j.circuitbreaker.instances.circuitbreakerInstance,2,False,30,False,0.06666666666666667,True
resilience4j.circuitbreaker.instances.circuitbreakerInstance,2,False,30,False,0.06666666666666667,False
resilience4j.circuitbreaker.instances.circuitbreakerInstance,2,False,30,False,0.06666666666666667,False
resilience4j.circuitbreaker.instances.userServiceBreaker,10,False,5,False,2.0,False
resilience4j.circuitbreaker.instances.loginServiceBreaker,10,False,10,False,1.0,False
resilience4j.circuitbreaker.instances.orderServiceBreaker,10,False,10,False,1.0,False
resilience4j.circuitbreaker.instances.imageServiceBreaker,10,False,10,False,1.0,False
resilience4j.circuitbreaker.instances.userServiceBreaker,10,False,5,False,2.0,False
resilience4j.circuitbreaker.instances.loginServiceBreaker,10,False,10,False,1.0,False
resilience4j.circuitbreaker.instances.orderServiceBreaker,10,False,10,False,1.0,False
resilience4j.circuitbreaker.instances.profileServiceBreaker,10,False,10,False,1.0,False
resilience4j.circuitbreaker.instances.userServiceBreaker,10,False,5,False,2.0,False
resilience4j.circuitbreaker.instances.loginServiceBreaker,10,False,10,False,1.0,False
resilience4j.circuitbreaker.instances.defaultCircuitBreaker,5,False,10,False,0.5,False
resilience4j.circuitbreaker.instances.rest-circuit-breaker,100,True,30,False,3.3333333333333335,True
resilience4j.circuitbreaker.instances.carrosCB,4,False,10,False,0.4,False
resilience4j.circuitbreaker.instances.motosCB,4,False,10,False,0.4,False
resilience4j.circuitbreaker.instances.todosCB,4,False,10,False,0.4,False
resilience4j.circuitbreaker.instances.carrosCB,4,False,10,False,0.4,False
resilience4j.circuitbreaker.instances.motosCB,4,False,10,False,0.4,False
resilience4j.circuitbreaker.instances.todosCB,4,False,10,False,0.4,False
resilience4j.circuitbreaker.instances.userServiceBreaker,10,False,5,False,2.0,False
resilience4j.circuitbreaker.instances.loginServiceBreaker,10,False,10,False,1.0,False
resilience4j.circuitbreaker.instances.imageServiceBreaker,10,False,10,False,1.0,False
resilience4j.circuitbreaker.instances.rest-circuit-breaker,100,True,30,False,3.3333333333333335,True
resilience4j.circuitbreaker.instances.circuitbreakerInstance,2,False,30,False,0.06666666666666667,False
resilience4j.circuitbreaker.configs.default,100,True,50,False,2.0,False
resilience4j.circuitbreaker.configs.default,5,False,5,False,1.0,False
resilience4j.circuitbreaker.configs.default,3,False,5,False,0.6,False
resilience4j.circuitbreaker.instances.circuitBreakerInstance,2,False,30,False,0.06666666666666667,True
resilience4j.circuitbreaker.instances.userServiceBreaker,10,False,5,False,2.0,False
resilience4j.circuitbreaker.instances.loginServiceBreaker,10,False,10,False,1.0,False
resilience4j.circuitbreaker.instances.profileServiceBreaker,10,False,10,False,1.0,False
resilience4j.circuitbreaker.configs.default,5,False,5,False,1.0,False
resilience4j.circuitbreaker.instances.backendB,5,False,10,False,0.5,True
resilience4j.circuitbreaker.instances.circuitbreakerInstance,2,False,30,False,0.06666666666666667,False
resilience4j.circuitbreaker.instances.circuitbreakerInstance,2,False,30,False,0.06666666666666667,False
resilience4j.circuitbreaker.configs.default,100,True,50,False,2.0,False
resilience4j.circuitbreaker.instances.carsCB,4,False,10,False,0.4,False
resilience4j.circuitbreaker.instances.bikesCB,4,False,10,False,0.4,False
resilience4j.circuitbreaker.instances.allCB,4,False,10,False,0.4,False
resilience4j.circuitbreaker.instances.circuitBreakerApi,5,False,10,False,0.5,False
resilience4j.circuitbreaker.instances.availableBooksBreaker,20,False,10,False,2.0,False
resilience4j.circuitbreaker.instances.availableBooksBreaker,20,False,10,False,2.0,False
resilience4j.circuitbreaker.instances.eventosServiceCB,4,False,10,False,0.4,False
resilience4j.circuitbreaker.instances.compraServiceCB,4,False,10,False,0.4,False
resilience4j.circuitbreaker.instances.availableBooksBreaker,20,False,10,False,2.0,False
resilience4j.circuitbreaker.instances.sellsBooksBreaker,20,False,10,False,2.0,False
resilience4j.circuitbreaker.instances.forecastBreaker,20,False,10,False,2.0,False
resilience4j.circuitbreaker.instances.hospitalSearchService,100,True,5,False,20.0,True
resilience4j.circuitbreaker.backends.backendB,100,True,10,False,10.0,False
resilience4j.circuitbreaker.backends.backendSharedB,100,True,100,True,1.0,False
resilience4j.circuitbreaker.backends.backendB,100,True,10,False,10.0,False
resilience4j.circuitbreaker.backends.backendSharedB,100,True,100,True,1.0,False
resilience4j.circuitbreaker.configs.default,5,False,100,False,0.05,False
resilience4j.circuitBreakers.0,5,False,4,False,1.25,False
resilience4j.circuitbreaker.configs.default,5,False,10,False,0.5,True
resilience4j.circuitbreaker.configs.default,100,True,10,False,10.0,False
resilience4j.circuitbreaker.configs.default,5,False,100,False,0.05,False
resilience4j.circuitbreaker.configs.default,5,False,100,False,0.05,False
