dataset,experiment_id,replicate,run_timestamp,time_to_open,time_to_recover,blast_radius,signature,cell_median,residual_s,robust_z,severity,n_open,n_legs_firing,real_blast_radius,leg_failure_rates
v2_latency_5svc,LIN-LAT-TIM-T30-W5-D15,1,2026-07-26T21:56:08Z,3.648,34.734,0.2,EARLY_OPEN,6.191,-2.5429999999999997,-47.64527781524885,MODERATE,1.0,1.0,0.2,gateway-service:0.9533;order-service:0.0000;inventory-service:0.0000;payment-service:0.0000;notification-service:0.0000
v2_latency_5svc,LIN-LAT-TIM-T50-W5-D15,1,2026-07-26T23:15:54Z,0.291,38.521,0.2,EARLY_OPEN,3.779,-3.488,-65.35066025150925,SEVERE,1.0,1.0,0.2,gateway-service:0.9767;order-service:0.0000;inventory-service:0.0000;payment-service:0.0000;notification-service:0.0000
v2_latency_5svc,LIN-LAT-TIM-T70-W5-D15,1,2026-07-27T00:39:18Z,3.677,35.445,0.2,EARLY_OPEN,6.24,-2.563,-48.019994903846964,MODERATE,1.0,1.0,0.2,gateway-service:0.9533;order-service:0.0000;inventory-service:0.0000;payment-service:0.0000;notification-service:0.0000
v3_gateway_not_rebuilt,LIN-LAT-CNT-T30-W5-D5,2,2026-07-30T10:07:22Z,7.298,6.243,0.2,IMPOSSIBLE_BLAST,,,,,1.0,0.0,0.0,order-service:0.0000;inventory-service:0.0000;payment-service:0.0000;notification-service:0.0000
v3_gateway_not_rebuilt,LIN-LAT-CNT-T30-W5-D5,3,2026-07-30T10:08:57Z,3.322,6.792,0.2,IMPOSSIBLE_BLAST,,,,,1.0,0.0,0.0,order-service:0.0000;inventory-service:0.0000;payment-service:0.0000;notification-service:0.0000
v3_gateway_not_rebuilt,LIN-LAT-TIM-T30-W5-D5,1,2026-07-30T10:10:42Z,3.641,23.82,0.2,IMPOSSIBLE_BLAST,3.811,-0.16999999999999993,-4.777642879625876,,1.0,0.0,0.0,order-service:0.0000;inventory-service:0.0000;payment-service:0.0000;notification-service:0.0000
v3_gateway_not_rebuilt,LIN-LAT-TIM-T30-W5-D5,2,2026-07-30T10:12:34Z,6.323,23.987,0.2,IMPOSSIBLE_BLAST,3.811,2.5120000000000005,70.59669949188358,,1.0,0.0,0.0,order-service:0.0000;inventory-service:0.0000;payment-service:0.0000;notification-service:0.0000
v3_gateway_not_rebuilt,LIN-LAT-TIM-T30-W5-D5,3,2026-07-30T10:14:15Z,3.811,24.057,0.2,IMPOSSIBLE_BLAST,3.811,0.0,0.0,,1.0,0.0,0.0,order-service:0.0000;inventory-service:0.0000;payment-service:0.0000;notification-service:0.0000
v3_gateway_not_rebuilt,LIN-LAT-CNT-T30-W5-D15,1,2026-07-30T10:15:45Z,3.249,16.724,0.2,IMPOSSIBLE_BLAST,3.42,-0.17099999999999982,-5.364554412581268,,1.0,0.0,0.0,order-service:0.0000;inventory-service:0.0000;payment-service:0.0000;notification-service:0.0000
v3_gateway_not_rebuilt,LIN-LAT-CNT-T30-W5-D15,2,2026-07-30T10:17:22Z,3.42,16.578,0.2,IMPOSSIBLE_BLAST,3.42,0.0,0.0,,1.0,0.0,0.0,order-service:0.0000;inventory-service:0.0000;payment-service:0.0000;notification-service:0.0000
v3_gateway_not_rebuilt,LIN-LAT-CNT-T30-W5-D15,3,2026-07-30T10:18:58Z,3.431,16.605,0.2,IMPOSSIBLE_BLAST,3.42,0.01100000000000012,0.3450882955461676,,1.0,0.0,0.0,order-service:0.0000;inventory-service:0.0000;payment-service:0.0000;notification-service:0.0000
v3_gateway_not_rebuilt,LIN-LAT-TIM-T30-W5-D15,1,2026-07-30T10:20:47Z,3.563,34.888,0.2,IMPOSSIBLE_BLAST,3.574,-0.010999999999999677,-0.3091415980934301,,1.0,0.0,0.0,order-service:0.0000;inventory-service:0.0000;payment-service:0.0000;notification-service:0.0000
v3_gateway_not_rebuilt,LIN-LAT-TIM-T30-W5-D15,2,2026-07-30T10:22:39Z,3.617,34.973,0.2,IMPOSSIBLE_BLAST,3.574,0.04300000000000015,1.208462610728903,,1.0,0.0,0.0,order-service:0.0000;inventory-service:0.0000;payment-service:0.0000;notification-service:0.0000
v3_gateway_not_rebuilt,LIN-LAT-TIM-T30-W5-D15,3,2026-07-30T10:24:23Z,3.574,35.056,0.2,IMPOSSIBLE_BLAST,3.574,0.0,0.0,,1.0,0.0,0.0,order-service:0.0000;inventory-service:0.0000;payment-service:0.0000;notification-service:0.0000
v3_gateway_not_rebuilt,LIN-LAT-CNT-T30-W5-D30,1,2026-07-30T10:26:08Z,3.457,31.575,0.2,IMPOSSIBLE_BLAST,3.348,0.10899999999999999,3.419511292230168,,1.0,0.0,0.0,order-service:0.0000;inventory-service:0.0000;payment-service:0.0000;notification-service:0.0000
v3_gateway_not_rebuilt,LIN-LAT-CNT-T30-W5-D30,2,2026-07-30T10:27:53Z,3.348,31.992,0.2,IMPOSSIBLE_BLAST,3.348,0.0,0.0,,1.0,0.0,0.0,order-service:0.0000;inventory-service:0.0000;payment-service:0.0000;notification-service:0.0000
v3_gateway_not_rebuilt,LIN-LAT-CNT-T30-W5-D30,3,2026-07-30T10:29:36Z,3.241,31.894,0.2,IMPOSSIBLE_BLAST,3.348,-0.10699999999999976,-3.3567679657672223,,1.0,0.0,0.0,order-service:0.0000;inventory-service:0.0000;payment-service:0.0000;notification-service:0.0000
v3_gateway_not_rebuilt,LIN-LAT-TIM-T30-W5-D30,1,2026-07-30T10:31:58Z,6.315,64.902,0.2,IMPOSSIBLE_BLAST,6.315,0.0,0.0,,1.0,0.0,0.0,order-service:0.0000;inventory-service:0.0000;payment-service:0.0000;notification-service:0.0000
v3_gateway_not_rebuilt,LIN-LAT-TIM-T30-W5-D30,2,2026-07-30T10:34:17Z,6.339,65.112,0.2,IMPOSSIBLE_BLAST,6.315,0.02400000000000002,0.6744907594765952,,1.0,0.0,0.0,order-service:0.0000;inventory-service:0.0000;payment-service:0.0000;notification-service:0.0000
v3_gateway_not_rebuilt,LIN-LAT-TIM-T30-W5-D30,3,2026-07-30T10:36:36Z,3.661,65.425,0.2,EARLY_OPEN+IMPOSSIBLE_BLAST,6.315,-2.6540000000000004,-74.58743648545344,MODERATE,1.0,0.0,0.0,order-service:0.0000;inventory-service:0.0000;payment-service:0.0000;notification-service:0.0000
v3_gateway_not_rebuilt,LIN-LAT-CNT-T30-W10-D5,1,2026-07-30T10:37:53Z,3.405,6.845,0.2,IMPOSSIBLE_BLAST,3.558,-0.15300000000000002,-4.799864474414824,,1.0,0.0,0.0,order-service:0.0000;inventory-service:0.0000;payment-service:0.0000;notification-service:0.0000
v3_gateway_not_rebuilt,LIN-LAT-CNT-T30-W10-D5,2,2026-07-30T10:39:10Z,3.558,6.724,0.2,IMPOSSIBLE_BLAST,3.558,0.0,0.0,,1.0,0.0,0.0,order-service:0.0000;inventory-service:0.0000;payment-service:0.0000;notification-service:0.0000
v3_gateway_not_rebuilt,LIN-LAT-CNT-T30-W10-D5,3,2026-07-30T10:40:30Z,3.606,6.568,0.2,IMPOSSIBLE_BLAST,3.558,0.04800000000000004,1.5058398351105342,,1.0,0.0,0.0,order-service:0.0000;inventory-service:0.0000;payment-service:0.0000;notification-service:0.0000
v3_gateway_not_rebuilt,LIN-LAT-TIM-T30-W10-D5,1,2026-07-30T10:42:11Z,6.652,23.467,0.2,IMPOSSIBLE_BLAST,6.652,0.0,0.0,,1.0,0.0,0.0,order-service:0.0000;inventory-service:0.0000;payment-service:0.0000;notification-service:0.0000
v3_gateway_not_rebuilt,LIN-LAT-TIM-T30-W10-D5,2,2026-07-30T10:43:48Z,6.838,23.282,0.2,IMPOSSIBLE_BLAST,6.652,0.18599999999999994,5.227303385943607,,1.0,0.0,0.0,order-service:0.0000;inventory-service:0.0000;payment-service:0.0000;notification-service:0.0000
v3_gateway_not_rebuilt,LIN-LAT-TIM-T30-W10-D5,3,2026-07-30T10:45:31Z,6.568,24.223,0.2,IMPOSSIBLE_BLAST,6.652,-0.08400000000000052,-2.3607176581680958,,1.0,0.0,0.0,order-service:0.0000;inventory-service:0.0000;payment-service:0.0000;notification-service:0.0000
v3_gateway_not_rebuilt,LIN-LAT-CNT-T30-W10-D15,1,2026-07-30T10:46:58Z,3.541,16.29,0.2,IMPOSSIBLE_BLAST,,,,,1.0,0.0,0.0,order-service:0.0000;inventory-service:0.0000;payment-service:0.0000;notification-service:0.0000
v3_gateway_not_rebuilt,LIN-LAT-CNT-T30-W10-D15,3,2026-07-30T10:49:43Z,3.377,16.35,0.2,IMPOSSIBLE_BLAST,,,,,1.0,0.0,0.0,order-service:0.0000;inventory-service:0.0000;payment-service:0.0000;notification-service:0.0000
v3_gateway_not_rebuilt,LIN-LAT-TIM-T30-W10-D15,1,2026-07-30T10:51:42Z,6.552,35.166,0.2,IMPOSSIBLE_BLAST,6.576,-0.02400000000000002,-0.6744907594765952,,1.0,0.0,0.0,order-service:0.0000;inventory-service:0.0000;payment-service:0.0000;notification-service:0.0000
v3_gateway_not_rebuilt,LIN-LAT-TIM-T30-W10-D15,2,2026-07-30T10:53:31Z,6.576,35.087,0.2,IMPOSSIBLE_BLAST,6.576,0.0,0.0,,1.0,0.0,0.0,order-service:0.0000;inventory-service:0.0000;payment-service:0.0000;notification-service:0.0000
v3_gateway_not_rebuilt,LIN-LAT-TIM-T30-W10-D15,3,2026-07-30T10:55:21Z,6.597,35.106,0.2,IMPOSSIBLE_BLAST,6.576,0.021000000000000796,0.5901794145420427,,1.0,0.0,0.0,order-service:0.0000;inventory-service:0.0000;payment-service:0.0000;notification-service:0.0000
v3_gateway_not_rebuilt,LIN-LAT-CNT-T30-W10-D30,1,2026-07-30T10:57:03Z,3.429,31.464,0.2,IMPOSSIBLE_BLAST,3.635,-0.20599999999999996,-6.462562625682702,,1.0,0.0,0.0,order-service:0.0000;inventory-service:0.0000;payment-service:0.0000;notification-service:0.0000
v3_gateway_not_rebuilt,LIN-LAT-CNT-T30-W10-D30,2,2026-07-30T10:58:50Z,3.661,31.147,0.2,IMPOSSIBLE_BLAST,3.635,0.026000000000000245,0.815663244018213,,1.0,0.0,0.0,order-service:0.0000;inventory-service:0.0000;payment-service:0.0000;notification-service:0.0000
v3_gateway_not_rebuilt,LIN-LAT-CNT-T30-W10-D30,3,2026-07-30T11:00:35Z,3.635,31.167,0.2,IMPOSSIBLE_BLAST,3.635,0.0,0.0,,1.0,0.0,0.0,order-service:0.0000;inventory-service:0.0000;payment-service:0.0000;notification-service:0.0000
v3_gateway_not_rebuilt,LIN-LAT-TIM-T30-W10-D30,1,2026-07-30T11:02:54Z,6.63,65.232,0.2,IMPOSSIBLE_BLAST,6.753,-0.12300000000000022,-3.4567651423175536,,1.0,0.0,0.0,order-service:0.0000;inventory-service:0.0000;payment-service:0.0000;notification-service:0.0000
v3_gateway_not_rebuilt,LIN-LAT-TIM-T30-W10-D30,2,2026-07-30T11:05:33Z,6.806,65.326,0.2,IMPOSSIBLE_BLAST,6.753,0.052999999999999936,1.489500427177478,,1.0,0.0,0.0,order-service:0.0000;inventory-service:0.0000;payment-service:0.0000;notification-service:0.0000
v3_gateway_not_rebuilt,LIN-LAT-TIM-T30-W10-D30,3,2026-07-30T11:08:07Z,6.753,65.146,0.2,IMPOSSIBLE_BLAST,6.753,0.0,0.0,,1.0,0.0,0.0,order-service:0.0000;inventory-service:0.0000;payment-service:0.0000;notification-service:0.0000
v3_gateway_not_rebuilt,LIN-LAT-CNT-T30-W20-D5,1,2026-07-30T11:09:33Z,6.555,6.227,0.2,IMPOSSIBLE_BLAST,6.394,0.1609999999999996,5.0508377802665665,,1.0,0.0,0.0,order-service:0.0000;inventory-service:0.0000;payment-service:0.0000;notification-service:0.0000
v3_gateway_not_rebuilt,LIN-LAT-CNT-T30-W20-D5,2,2026-07-30T11:11:03Z,6.247,6.395,0.2,IMPOSSIBLE_BLAST,6.394,-0.14700000000000024,-4.611634495026014,,1.0,0.0,0.0,order-service:0.0000;inventory-service:0.0000;payment-service:0.0000;notification-service:0.0000
v3_gateway_not_rebuilt,LIN-LAT-CNT-T30-W20-D5,3,2026-07-30T11:12:35Z,6.394,6.267,0.2,IMPOSSIBLE_BLAST,6.394,0.0,0.0,,1.0,0.0,0.0,order-service:0.0000;inventory-service:0.0000;payment-service:0.0000;notification-service:0.0000
v3_gateway_not_rebuilt,LIN-LAT-TIM-T30-W20-D5,1,2026-07-30T11:14:40Z,6.638,40.952,0.2,IMPOSSIBLE_BLAST,6.686,-0.04800000000000004,-1.3489815189531904,,1.0,0.0,0.0,order-service:0.0000;inventory-service:0.0000;payment-service:0.0000;notification-service:0.0000
v3_gateway_not_rebuilt,LIN-LAT-TIM-T30-W20-D5,2,2026-07-30T11:16:44Z,7.318,33.223,0.2,IMPOSSIBLE_BLAST,6.686,0.6319999999999997,17.761589999550317,,1.0,0.0,0.0,order-service:0.0000;inventory-service:0.0000;payment-service:0.0000;notification-service:0.0000
v3_gateway_not_rebuilt,LIN-LAT-TIM-T30-W20-D5,3,2026-07-30T11:18:46Z,6.686,40.881,0.2,IMPOSSIBLE_BLAST,6.686,0.0,0.0,,1.0,0.0,0.0,order-service:0.0000;inventory-service:0.0000;payment-service:0.0000;notification-service:0.0000
v3_gateway_not_rebuilt,LIN-LAT-CNT-T30-W20-D15,2,2026-07-30T11:22:01Z,6.415,17.137,0.2,IMPOSSIBLE_BLAST,,,,,1.0,0.0,0.0,order-service:0.0000;inventory-service:0.0000;payment-service:0.0000;notification-service:0.0000
v3_gateway_not_rebuilt,LIN-LAT-TIM-T30-W20-D15,1,2026-07-30T11:25:59Z,6.643,53.244,0.2,IMPOSSIBLE_BLAST,6.553,0.08999999999999986,2.529340348037226,,1.0,0.0,0.0,order-service:0.0000;inventory-service:0.0000;payment-service:0.0000;notification-service:0.0000
v3_gateway_not_rebuilt,LIN-LAT-TIM-T30-W20-D15,2,2026-07-30T11:28:06Z,6.553,53.7,0.2,IMPOSSIBLE_BLAST,6.553,0.0,0.0,,1.0,0.0,0.0,order-service:0.0000;inventory-service:0.0000;payment-service:0.0000;notification-service:0.0000
v3_gateway_not_rebuilt,LIN-LAT-TIM-T30-W20-D15,3,2026-07-30T11:30:16Z,6.544,54.2,0.2,IMPOSSIBLE_BLAST,6.553,-0.009000000000000341,-0.25293403480373255,,1.0,0.0,0.0,order-service:0.0000;inventory-service:0.0000;payment-service:0.0000;notification-service:0.0000
v3_gateway_not_rebuilt,LIN-LAT-CNT-T30-W20-D30,1,2026-07-30T11:32:15Z,6.253,32.036,0.2,IMPOSSIBLE_BLAST,6.253,0.0,0.0,,1.0,0.0,0.0,order-service:0.0000;inventory-service:0.0000;payment-service:0.0000;notification-service:0.0000
v3_gateway_not_rebuilt,LIN-LAT-CNT-T30-W20-D30,2,2026-07-30T11:33:59Z,6.218,31.794,0.2,IMPOSSIBLE_BLAST,6.253,-0.03500000000000014,-1.0980082131014346,,1.0,0.0,0.0,order-service:0.0000;inventory-service:0.0000;payment-service:0.0000;notification-service:0.0000
v3_gateway_not_rebuilt,LIN-LAT-CNT-T30-W20-D30,3,2026-07-30T11:35:46Z,6.378,31.723,0.2,IMPOSSIBLE_BLAST,6.253,0.125,3.921457903933679,,1.0,0.0,0.0,order-service:0.0000;inventory-service:0.0000;payment-service:0.0000;notification-service:0.0000
v3_gateway_not_rebuilt,LIN-LAT-TIM-T30-W20-D30,1,2026-07-30T11:38:18Z,6.781,65.033,0.2,IMPOSSIBLE_BLAST,6.575,0.20599999999999952,5.789379018840757,,1.0,0.0,0.0,order-service:0.0000;inventory-service:0.0000;payment-service:0.0000;notification-service:0.0000
v3_gateway_not_rebuilt,LIN-LAT-TIM-T30-W20-D30,2,2026-07-30T11:40:40Z,6.575,64.859,0.2,IMPOSSIBLE_BLAST,6.575,0.0,0.0,,1.0,0.0,0.0,order-service:0.0000;inventory-service:0.0000;payment-service:0.0000;notification-service:0.0000
v3_gateway_not_rebuilt,LIN-LAT-TIM-T30-W20-D30,3,2026-07-30T11:42:59Z,6.563,64.966,0.2,IMPOSSIBLE_BLAST,6.575,-0.012000000000000455,-0.3372453797383101,,1.0,0.0,0.0,order-service:0.0000;inventory-service:0.0000;payment-service:0.0000;notification-service:0.0000
v3_gateway_not_rebuilt,LIN-LAT-CNT-T50-W5-D5,1,2026-07-30T11:44:14Z,3.378,6.587,0.2,IMPOSSIBLE_BLAST,3.426,-0.04800000000000004,-1.5058398351105342,,1.0,0.0,0.0,order-service:0.0000;inventory-service:0.0000;payment-service:0.0000;notification-service:0.0000
v3_gateway_not_rebuilt,LIN-LAT-CNT-T50-W5-D5,2,2026-07-30T11:45:29Z,3.489,6.431,0.2,IMPOSSIBLE_BLAST,3.426,0.06299999999999972,1.9764147835825656,,1.0,0.0,0.0,order-service:0.0000;inventory-service:0.0000;payment-service:0.0000;notification-service:0.0000
v3_gateway_not_rebuilt,LIN-LAT-CNT-T50-W5-D5,3,2026-07-30T11:46:42Z,3.426,6.463,0.2,IMPOSSIBLE_BLAST,3.426,0.0,0.0,,1.0,0.0,0.0,order-service:0.0000;inventory-service:0.0000;payment-service:0.0000;notification-service:0.0000
v3_gateway_not_rebuilt,LIN-LAT-TIM-T50-W5-D5,1,2026-07-30T11:48:16Z,6.288,23.679,0.2,IMPOSSIBLE_BLAST,6.288,0.0,0.0,,1.0,0.0,0.0,order-service:0.0000;inventory-service:0.0000;payment-service:0.0000;notification-service:0.0000
v3_gateway_not_rebuilt,LIN-LAT-TIM-T50-W5-D5,2,2026-07-30T11:49:47Z,6.188,23.953,0.2,IMPOSSIBLE_BLAST,6.288,-0.10000000000000053,-2.810378164485826,,1.0,0.0,0.0,order-service:0.0000;inventory-service:0.0000;payment-service:0.0000;notification-service:0.0000
v3_gateway_not_rebuilt,LIN-LAT-TIM-T50-W5-D5,3,2026-07-30T11:51:20Z,6.402,23.837,0.2,IMPOSSIBLE_BLAST,6.288,0.11399999999999988,3.203831107513821,,1.0,0.0,0.0,order-service:0.0000;inventory-service:0.0000;payment-service:0.0000;notification-service:0.0000
v3_gateway_not_rebuilt,LIN-LAT-CNT-T50-W5-D15,1,2026-07-30T11:52:44Z,3.425,16.111,0.2,IMPOSSIBLE_BLAST,3.425,0.0,0.0,,1.0,0.0,0.0,order-service:0.0000;inventory-service:0.0000;payment-service:0.0000;notification-service:0.0000
v3_gateway_not_rebuilt,LIN-LAT-CNT-T50-W5-D15,2,2026-07-30T11:54:10Z,3.503,17.124,0.2,IMPOSSIBLE_BLAST,3.425,0.07800000000000029,2.446989732054625,,1.0,0.0,0.0,order-service:0.0000;inventory-service:0.0000;payment-service:0.0000;notification-service:0.0000
v3_gateway_not_rebuilt,LIN-LAT-CNT-T50-W5-D15,3,2026-07-30T11:55:35Z,3.392,16.243,0.2,IMPOSSIBLE_BLAST,3.425,-0.03299999999999992,-1.0352648866384888,,1.0,0.0,0.0,order-service:0.0000;inventory-service:0.0000;payment-service:0.0000;notification-service:0.0000
v3_gateway_not_rebuilt,LIN-LAT-TIM-T50-W5-D15,1,2026-07-30T11:57:14Z,3.656,34.431,0.2,IMPOSSIBLE_BLAST,3.763,-0.10699999999999976,-3.007104635999811,,1.0,0.0,0.0,order-service:0.0000;inventory-service:0.0000;payment-service:0.0000;notification-service:0.0000
v3_gateway_not_rebuilt,LIN-LAT-TIM-T50-W5-D15,2,2026-07-30T11:58:57Z,6.265,35.186,0.2,IMPOSSIBLE_BLAST,3.763,2.502,70.31566167543498,,1.0,0.0,0.0,order-service:0.0000;inventory-service:0.0000;payment-service:0.0000;notification-service:0.0000
v3_gateway_not_rebuilt,LIN-LAT-TIM-T50-W5-D15,3,2026-07-30T12:00:39Z,3.763,34.62,0.2,IMPOSSIBLE_BLAST,3.763,0.0,0.0,,1.0,0.0,0.0,order-service:0.0000;inventory-service:0.0000;payment-service:0.0000;notification-service:0.0000
v3_gateway_not_rebuilt,LIN-LAT-CNT-T50-W5-D30,1,2026-07-30T12:02:28Z,3.422,32.107,0.2,IMPOSSIBLE_BLAST,3.438,-0.016000000000000014,-0.5019466117035114,,1.0,0.0,0.0,order-service:0.0000;inventory-service:0.0000;payment-service:0.0000;notification-service:0.0000
v3_gateway_not_rebuilt,LIN-LAT-CNT-T50-W5-D30,2,2026-07-30T12:04:05Z,3.438,31.143,0.2,IMPOSSIBLE_BLAST,3.438,0.0,0.0,,1.0,0.0,0.0,order-service:0.0000;inventory-service:0.0000;payment-service:0.0000;notification-service:0.0000
v3_gateway_not_rebuilt,LIN-LAT-CNT-T50-W5-D30,3,2026-07-30T12:05:48Z,3.499,31.044,0.2,IMPOSSIBLE_BLAST,3.438,0.06099999999999994,1.9136714571196338,,1.0,0.0,0.0,order-service:0.0000;inventory-service:0.0000;payment-service:0.0000;notification-service:0.0000
v3_gateway_not_rebuilt,LIN-LAT-TIM-T50-W5-D30,1,2026-07-30T12:08:05Z,32.961,31.081,0.2,IMPOSSIBLE_BLAST,,,,,1.0,0.0,0.0,order-service:0.0000;inventory-service:0.0000;payment-service:0.0000;notification-service:0.0000
v3_gateway_not_rebuilt,LIN-LAT-TIM-T50-W5-D30,2,2026-07-30T12:10:23Z,6.294,65.269,0.2,IMPOSSIBLE_BLAST,,,,,1.0,0.0,0.0,order-service:0.0000;inventory-service:0.0000;payment-service:0.0000;notification-service:0.0000
v3_gateway_not_rebuilt,LIN-LAT-CNT-T50-W10-D5,2,2026-07-31T03:56:31Z,3.747,6.484,0.2,IMPOSSIBLE_BLAST,,,,,1.0,0.0,0.0,order-service:0.0000;inventory-service:0.0000;payment-service:0.0000;notification-service:0.0000
v3_gateway_not_rebuilt,LIN-LAT-CNT-T50-W10-D5,3,2026-07-31T03:58:05Z,3.756,6.326,0.2,IMPOSSIBLE_BLAST,,,,,1.0,0.0,0.0,order-service:0.0000;inventory-service:0.0000;payment-service:0.0000;notification-service:0.0000
v3_gateway_not_rebuilt,LIN-LAT-TIM-T50-W10-D5,1,2026-07-31T03:59:53Z,9.558,23.36,0.2,IMPOSSIBLE_BLAST,9.337,0.22100000000000009,6.2109357435136445,,1.0,0.0,0.0,order-service:0.0000;inventory-service:0.0000;payment-service:0.0000;notification-service:0.0000
v3_gateway_not_rebuilt,LIN-LAT-TIM-T50-W10-D5,2,2026-07-31T04:01:47Z,9.305,23.361,0.2,IMPOSSIBLE_BLAST,9.337,-0.03200000000000003,-0.8993210126354603,,1.0,0.0,0.0,order-service:0.0000;inventory-service:0.0000;payment-service:0.0000;notification-service:0.0000
v3_gateway_not_rebuilt,LIN-LAT-TIM-T50-W10-D5,3,2026-07-31T04:03:45Z,9.337,23.453,0.2,IMPOSSIBLE_BLAST,9.337,0.0,0.0,,1.0,0.0,0.0,order-service:0.0000;inventory-service:0.0000;payment-service:0.0000;notification-service:0.0000
v3_gateway_not_rebuilt,LIN-LAT-CNT-T50-W10-D15,1,2026-07-31T04:05:20Z,3.792,17.002,0.2,IMPOSSIBLE_BLAST,3.805,-0.013000000000000345,-0.40783162200911344,,1.0,0.0,0.0,order-service:0.0000;inventory-service:0.0000;payment-service:0.0000;notification-service:0.0000
v3_gateway_not_rebuilt,LIN-LAT-CNT-T50-W10-D15,2,2026-07-31T04:06:51Z,3.822,16.92,0.2,IMPOSSIBLE_BLAST,3.805,0.016999999999999904,0.5333182749349774,,1.0,0.0,0.0,order-service:0.0000;inventory-service:0.0000;payment-service:0.0000;notification-service:0.0000
v3_gateway_not_rebuilt,LIN-LAT-CNT-T50-W10-D15,3,2026-07-31T04:08:22Z,3.805,16.05,0.2,IMPOSSIBLE_BLAST,3.805,0.0,0.0,,1.0,0.0,0.0,order-service:0.0000;inventory-service:0.0000;payment-service:0.0000;notification-service:0.0000
v3_gateway_not_rebuilt,LIN-LAT-TIM-T50-W10-D15,1,2026-07-31T04:10:21Z,9.397,35.737,0.2,IMPOSSIBLE_BLAST,9.397,0.0,0.0,,1.0,0.0,0.0,order-service:0.0000;inventory-service:0.0000;payment-service:0.0000;notification-service:0.0000
v3_gateway_not_rebuilt,LIN-LAT-TIM-T50-W10-D15,2,2026-07-31T04:12:33Z,9.411,34.823,0.2,IMPOSSIBLE_BLAST,9.397,0.013999999999999346,0.39345294302799516,,1.0,0.0,0.0,order-service:0.0000;inventory-service:0.0000;payment-service:0.0000;notification-service:0.0000
v3_gateway_not_rebuilt,LIN-LAT-TIM-T50-W10-D15,3,2026-07-31T04:14:28Z,9.386,35.762,0.2,IMPOSSIBLE_BLAST,9.397,-0.011000000000001009,-0.3091415980934676,,1.0,0.0,0.0,order-service:0.0000;inventory-service:0.0000;payment-service:0.0000;notification-service:0.0000
v3_gateway_not_rebuilt,LIN-LAT-CNT-T50-W10-D30,1,2026-07-31T04:16:18Z,3.598,31.477,0.2,IMPOSSIBLE_BLAST,3.597,0.0009999999999998899,0.03137166323146598,,1.0,0.0,0.0,order-service:0.0000;inventory-service:0.0000;payment-service:0.0000;notification-service:0.0000
v3_gateway_not_rebuilt,LIN-LAT-CNT-T50-W10-D30,2,2026-07-31T04:18:16Z,3.587,31.565,0.2,IMPOSSIBLE_BLAST,3.597,-0.009999999999999787,-0.31371663231468766,,1.0,0.0,0.0,order-service:0.0000;inventory-service:0.0000;payment-service:0.0000;notification-service:0.0000
v3_gateway_not_rebuilt,LIN-LAT-CNT-T50-W10-D30,3,2026-07-31T04:20:04Z,3.597,31.744,0.2,IMPOSSIBLE_BLAST,3.597,0.0,0.0,,1.0,0.0,0.0,order-service:0.0000;inventory-service:0.0000;payment-service:0.0000;notification-service:0.0000
v3_gateway_not_rebuilt,LIN-LAT-TIM-T50-W10-D30,1,2026-07-31T04:22:30Z,9.425,64.618,0.2,IMPOSSIBLE_BLAST,9.526,-0.10099999999999909,-2.8384819461306434,,1.0,0.0,0.0,order-service:0.0000;inventory-service:0.0000;payment-service:0.0000;notification-service:0.0000
v3_gateway_not_rebuilt,LIN-LAT-TIM-T50-W10-D30,2,2026-07-31T04:25:11Z,9.526,65.49,0.2,IMPOSSIBLE_BLAST,9.526,0.0,0.0,,1.0,0.0,0.0,order-service:0.0000;inventory-service:0.0000;payment-service:0.0000;notification-service:0.0000
v3_gateway_not_rebuilt,LIN-LAT-TIM-T50-W10-D30,3,2026-07-31T04:27:38Z,32.812,31.339,0.2,IMPOSSIBLE_BLAST,9.526,23.285999999999998,654.4246593821659,,1.0,0.0,0.0,order-service:0.0000;inventory-service:0.0000;payment-service:0.0000;notification-service:0.0000
v3_gateway_not_rebuilt,LIN-LAT-CNT-T50-W20-D5,1,2026-07-31T04:29:01Z,6.714,6.472,0.2,IMPOSSIBLE_BLAST,6.714,0.0,0.0,,1.0,0.0,0.0,order-service:0.0000;inventory-service:0.0000;payment-service:0.0000;notification-service:0.0000
v3_gateway_not_rebuilt,LIN-LAT-CNT-T50-W20-D5,2,2026-07-31T04:30:25Z,6.645,6.47,0.2,IMPOSSIBLE_BLAST,6.714,-0.06900000000000084,-2.164644762971417,,1.0,0.0,0.0,order-service:0.0000;inventory-service:0.0000;payment-service:0.0000;notification-service:0.0000
v3_gateway_not_rebuilt,LIN-LAT-CNT-T50-W20-D5,3,2026-07-31T04:31:49Z,7.765,6.865,0.2,IMPOSSIBLE_BLAST,6.714,1.0509999999999993,32.97161805627435,,1.0,0.0,0.0,order-service:0.0000;inventory-service:0.0000;payment-service:0.0000;notification-service:0.0000
v3_gateway_not_rebuilt,LIN-LAT-TIM-T50-W20-D5,1,2026-07-31T04:33:47Z,12.862,32.297,0.2,IMPOSSIBLE_BLAST,,,,,1.0,0.0,0.0,order-service:0.0000;inventory-service:0.0000;payment-service:0.0000;notification-service:0.0000
current,LIN-LAT-CNT-T30-W20-D5,1,2026-08-01T15:27:58Z,0.303,15.842,0.75,EARLY_OPEN+IMPOSSIBLE_BLAST,6.256,-5.953,-123.54595357428231,SEVERE,3.0,1.0,0.0,order-service:0.2500;inventory-service:0.0000;payment-service:0.0000;notification-service:0.0000
